DetalheKey,Segment,Country
1,Government,Canada
2,Government,Germany
3,Midmarket,France
4,Midmarket,Germany
5,Midmarket,Mexico
6,Channel Partners,Canada
7,Government,France
8,Channel Partners,Germany
9,Enterprise,Canada
10,Small Business,Mexico
11,Midmarket,United States of America
12,Government,Mexico
13,Government,United States of America
14,Channel Partners,United States of America
15,Midmarket,Canada
16,Enterprise,France
17,Enterprise,United States of America
18,Small Business,Canada
19,Small Business,France
20,Enterprise,Germany
21,Channel Partners,France
22,Small Business,United States of America
23,Enterprise,Mexico
24,Small Business,Germany
25,Channel Partners,Mexico
