DescontoKey,ID_Produto,Discount,Discount_Band
1,0,0.0,None
2,1,0.0,None
3,2,0.0,None
4,3,0.0,None
5,4,0.0,None
6,5,0.0,None
7,2,276.15,Low
8,2,344.4,Low
9,2,72.1,Low
10,3,44.73,Low
11,4,92.82,Low
12,0,222.96,Low
13,0,4235.0,Low
14,0,177.03,Low
15,0,173.4,Low
16,0,412.5,Low
17,0,320.52,Low
18,0,91.92,Low
19,0,1482.0,Low
20,0,4889.5,Low
21,0,7542.5,Low
22,1,332.1,Low
23,1,6903.0,Low
24,1,275.1,Low
25,1,128.1,Low
26,1,7494.0,Low
27,1,828.75,Low
28,2,227.1,Low
29,2,314.475,Low
30,2,908.75,Low
31,2,983.75,Low
32,2,2278.75,Low
33,2,112.05,Low
34,2,91.92,Low
35,2,8715.0,Low
36,2,7542.5,Low
37,3,772.8000000000001,Low
38,3,25.34,Low
39,3,1153.75,Low
40,3,828.75,Low
41,3,146.44,Low
42,4,18.41,Low
43,4,3302.25,Low
44,4,908.75,Low
45,4,983.75,Low
46,4,2958.0,Low
47,4,1482.0,Low
48,4,4889.5,Low
49,4,2180.0,Low
50,5,238.68,Low
51,5,48.15,Low
52,0,1856.25,Low
53,0,310.8,Low
54,0,1284.0,Low
55,0,300.3,Low
56,0,19964.0,Low
57,1,274.08,Low
58,1,626.4,Low
59,1,165.6,Low
60,1,4150.0,Low
61,2,708.9,Low
62,2,5508.0,Low
63,2,10368.0,Low
64,2,274.08,Low
65,2,1655.0,Low
66,2,310.8,Low
67,2,2022.5,Low
68,2,5362.5,Low
69,2,428.4,Low
70,2,11496.0,Low
71,2,19964.0,Low
72,2,6822.5,Low
73,2,577.5,Low
74,2,281.82,Low
75,2,253.2,Low
76,2,260.16,Low
77,3,626.4,Low
78,3,20762.0,Low
79,3,20139.0,Low
80,3,2022.5,Low
81,3,5362.5,Low
82,3,253.2,Low
83,3,217.6,Low
84,3,260.16,Low
85,4,1655.0,Low
86,4,1284.0,Low
87,4,20139.0,Low
88,4,6822.5,Low
89,4,1862.0,Low
90,4,13580.0,Low
91,5,1554.0,Low
92,5,6606.0,Low
93,5,5690.0,Low
94,5,20762.0,Low
95,5,494.4,Low
96,5,376.4,Low
97,5,11496.0,Low
98,0,15913.125,Low
99,0,1548.0,Low
100,0,6201.0,Low
101,0,700.92,Low
102,0,326.88,Low
103,1,411.18,Low
104,1,684.36,Low
105,1,114.24,Low
106,1,18868.5,Low
107,1,4826.25,Low
108,1,6397.5,Low
109,2,21910.5,Low
110,2,6652.5,Low
111,2,684.36,Low
112,2,6201.0,Low
113,2,5887.5,Low
114,2,493.02,Low
115,2,7533.75,Low
116,2,875.25,Low
117,2,4826.25,Low
118,2,6397.5,Low
119,3,7533.75,Low
120,4,25596.0,Low
121,4,689.76,Low
122,4,5887.5,Low
123,4,16866.0,Low
124,4,17241.0,Low
125,4,875.25,Low
126,0,498.6,Low
127,2,369.6,Low
128,3,2310.3,Low
129,4,892.44,Low
130,1,1218.6,Low
131,2,1218.6,Low
132,2,1356.6,Low
133,3,588.8,Low
134,0,798.28,Low
135,0,24252.0,Low
136,0,3836.0,Low
137,1,1180.2,Low
138,1,22308.0,Low
139,1,798.28,Low
140,1,24252.0,Low
141,1,5690.0,Low
142,2,1190.28,Low
143,2,3975.0,Low
144,2,16974.0,Low
145,2,35016.0,Low
146,2,48300.0,Low
147,2,14940.0,Low
148,2,130.8,Low
149,2,1659.2,Low
150,2,844.8,Low
151,2,402.6,Low
152,2,908.4,Low
153,2,3836.0,Low
154,2,5690.0,Low
155,3,703.2,Low
156,3,2116.8,Low
157,3,30478.0,Low
158,4,415.68,Low
159,4,4886.0,Low
160,4,30478.0,Low
161,4,908.4,Low
162,5,26110.0,Low
163,5,5370.0,Low
164,5,26698.0,Low
165,5,402.6,Low
166,5,24892.0,Low
167,1,405.65,Medium
168,2,480.2,Medium
169,2,822.15,Medium
170,2,941.15,Medium
171,2,1458.6,Medium
172,3,1458.6,Medium
173,4,941.15,Medium
174,5,589.05,Medium
175,5,673.8,Medium
176,5,405.65,Medium
177,0,1119.0,Medium
178,0,669.6,Medium
179,0,1563.0,Medium
180,0,14865.0,Medium
181,0,355.6,Medium
182,0,2093.25,Medium
183,0,199.5,Medium
184,0,870.45,Medium
185,1,24228.75,Medium
186,1,22668.75,Medium
187,1,12600.0,Medium
188,1,1405.2,Medium
189,1,16500.0,Medium
190,2,1303.0,Medium
191,2,18700.0,Medium
192,2,14906.25,Medium
193,2,24105.0,Medium
194,2,814.45,Medium
195,2,14865.0,Medium
196,2,10535.0,Medium
197,2,1965.0,Medium
198,2,21490.0,Medium
199,2,1389.0,Medium
200,2,5381.25,Medium
201,2,4400.0,Medium
202,2,1802.0,Medium
203,2,2663.0,Medium
204,2,747.6,Medium
205,2,1587.0,Medium
206,3,416.25,Medium
207,3,2145.75,Medium
208,3,5043.75,Medium
209,3,10535.0,Medium
210,3,2832.0,Medium
211,3,1579.0,Medium
212,3,5381.25,Medium
213,3,4400.0,Medium
214,3,1033.0,Medium
215,3,18750.0,Medium
216,4,1389.0,Medium
217,4,1265.0,Medium
218,4,2297.0,Medium
219,4,2663.0,Medium
220,4,199.5,Medium
221,4,870.45,Medium
222,5,23625.0,Medium
223,5,9660.0,Medium
224,5,21490.0,Medium
225,5,18750.0,Medium
226,2,3420.8999999999996,Medium
227,0,1341.0,Medium
228,0,2559.6,Medium
229,0,404.64,Medium
230,0,1655.28,Medium
231,0,1827.0,Medium
232,0,110.46,Medium
233,0,6652.5,Medium
234,1,20580.0,Medium
235,1,30660.0,Medium
236,1,589.26,Medium
237,1,1960.56,Medium
238,2,31416.0,Medium
239,2,1655.28,Medium
240,2,15267.0,Medium
241,3,7140.0,Medium
242,3,20662.5,Medium
243,3,1377.0,Medium
244,3,31416.0,Medium
245,3,629.16,Medium
246,3,21978.0,Medium
247,3,43596.0,Medium
248,4,2559.6,Medium
249,4,629.16,Medium
250,4,21978.0,Medium
251,4,1347.6,Medium
252,4,43848.0,Medium
253,5,14906.25,Medium
254,5,35259.0,Medium
255,5,15267.0,Medium
256,5,589.26,Medium
257,5,43596.0,Medium
258,1,2108.4,Medium
259,2,1978.2,Medium
260,2,1568.7,Medium
261,2,1037.7,Medium
262,2,2108.4,Medium
263,3,1201.2,Medium
264,3,559.86,Medium
265,4,1037.7,Medium
266,0,610.68,Medium
267,0,1582.56,Medium
268,0,2567.6,Medium
269,1,1965.6,Medium
270,1,1967.28,Medium
271,2,505.19,Medium
272,3,1325.1,Medium
273,3,556.15,Medium
274,3,268.03,Medium
275,3,775.18,Medium
276,4,1460.34,Medium
277,4,1860.6,Medium
278,4,775.18,Medium
279,5,556.15,Medium
280,0,43144.5,Medium
281,0,9408.0,Medium
282,0,45801.0,Medium
283,1,2766.4,Medium
284,1,45801.0,Medium
285,1,21875.0,Medium
286,2,35742.0,Medium
287,2,9408.0,Medium
288,2,30738.75,Medium
289,2,2206.05,Medium
290,2,3077.55,Medium
291,2,2149.0,Medium
292,2,23583.0,Medium
293,2,29484.0,Medium
294,2,2320.92,Medium
295,2,1041.25,Medium
296,3,34839.0,Medium
297,3,852.6,Medium
298,3,18261.25,Medium
299,3,2766.4,Medium
300,3,1989.4,Medium
301,3,28812.0,Medium
302,3,823.2,Medium
303,4,2725.38,Medium
304,4,20139.0,Medium
305,4,57687.0,Medium
306,5,14393.75,Medium
307,5,70462.0,Medium
308,5,8697.5,Medium
309,5,1565.2,Medium
310,5,28812.0,Medium
311,1,273.28,Medium
312,1,2051.2,Medium
313,2,143.92,Medium
314,5,2051.2,Medium
315,0,15400.0,Medium
316,0,588.0,Medium
317,0,38136.0,Medium
318,1,3001.2,Medium
319,1,1132.8,Medium
320,1,1032.0,Medium
321,1,37488.0,Medium
322,1,30792.0,Medium
323,1,853.2,Medium
324,2,11140.0,Medium
325,2,705.04,Medium
326,2,613.2,Medium
327,2,2185.6,Medium
328,2,59040.0,Medium
329,2,379.68,Medium
330,2,894.88,Medium
331,2,1349.04,Medium
332,2,3094.4,Medium
333,2,4788.8,Medium
334,2,60088.0,Medium
335,2,1089.76,Medium
336,2,38136.0,Medium
337,3,574.08,Medium
338,3,1627.92,Medium
339,3,1309.28,Medium
340,3,9264.0,Medium
341,3,15240.0,Medium
342,4,16086.0,Medium
343,4,1309.28,Medium
344,4,10668.0,Medium
345,4,11816.0,Medium
346,4,51216.0,Medium
347,4,19392.0,Medium
348,5,1132.8,Medium
349,5,1627.92,Medium
350,5,2185.6,Medium
351,5,59040.0,Medium
352,5,2432.0,Medium
353,5,853.2,Medium
354,5,1320.0,Medium
355,5,15240.0,Medium
356,4,698.4000000000001,Medium
357,0,29538.0,Medium
358,0,396.36,Medium
359,1,102667.5,Medium
360,1,52479.0,Medium
361,1,8694.0,Medium
362,1,2506.68,Medium
363,1,20891.25,Medium
364,1,1014.93,Medium
365,1,31466.25,Medium
366,1,9018.0,Medium
367,2,69255.0,Medium
368,2,76135.5,Medium
369,2,4961.25,Medium
370,2,29538.0,Medium
371,2,1656.45,Medium
372,2,396.36,Medium
373,2,35748.0,Medium
374,2,1917.0,Medium
375,2,31466.25,Medium
376,3,330.75,Medium
377,3,102424.5,Medium
378,3,41170.5,Medium
379,3,6378.75,Medium
380,3,23737.5,Medium
381,3,39973.5,Medium
382,4,2112.48,Medium
383,4,71793.0,Medium
384,4,42572.25,Medium
385,4,950.4,Medium
386,4,50409.0,Medium
387,4,2412.72,Medium
388,4,1656.45,Medium
389,4,9866.25,Medium
390,5,65236.5,Medium
391,5,39973.5,Medium
392,5,1309.5,Medium
393,5,3049.2,Medium
394,0,1193.4,Medium
395,0,515.97,Medium
396,0,1706.4,Medium
397,0,328.23,Medium
398,2,1751.4,Medium
399,2,1868.4,Medium
400,2,226.8,Medium
401,3,2124.36,Medium
402,3,3547.8,Medium
403,4,226.8,Medium
404,4,4827.6,Medium
405,4,328.23,Medium
406,5,1868.4,Medium
407,5,2201.175,Medium
408,5,330.48,Medium
409,0,463.2,High
410,1,1629.6,High
411,2,463.2,High
412,0,43068.75,High
413,0,18525.0,High
414,1,80955.0,High
415,1,22550.0,High
416,1,3108.0,High
417,2,3908.0,High
418,2,17730.0,High
419,2,3250.5,High
420,2,482.0,High
421,3,1021.5,High
422,3,765.0,High
423,3,1185.0,High
424,3,22365.0,High
425,3,19950.0,High
426,3,68820.0,High
427,3,482.0,High
428,3,1865.5,High
429,3,23950.0,High
430,3,25590.0,High
431,4,4262.5,High
432,4,961.5,High
433,4,98245.0,High
434,4,12960.0,High
435,4,68820.0,High
436,4,3250.5,High
437,4,31612.5,High
438,4,65450.0,High
439,5,7237.5,High
440,5,78400.0,High
441,5,89790.0,High
442,5,4224.6,High
443,5,4078.0,High
444,5,3088.8,High
445,5,24745.0,High
446,5,3108.0,High
447,5,25590.0,High
448,0,1581.36,High
449,2,1949.6399999999999,High
450,2,1581.36,High
451,3,633.5999999999999,High
452,3,623.04,High
453,4,1215.83,High
454,4,1326.6,High
455,5,5279.174999999999,High
456,5,623.04,High
457,0,2556.84,High
458,0,30492.0,High
459,0,92763.0,High
460,0,33563.75,High
461,0,2574.0,High
462,0,2083.62,High
463,1,29491.0,High
464,1,6582.4,High
465,1,3559.05,High
466,2,28809.0,High
467,2,2468.4,High
468,2,81023.25,High
469,2,5314.32,High
470,2,3201.66,High
471,2,5266.8,High
472,2,3273.6,High
473,2,33563.75,High
474,2,6582.4,High
475,2,45078.0,High
476,3,6171.0,High
477,3,1080.75,High
478,3,13244.0,High
479,3,1392.16,High
480,4,2288.88,High
481,4,7617.5,High
482,4,6457.0,High
483,5,43518.75,High
484,5,5783.8,High
485,5,19703.75,High
486,5,13021.25,High
487,5,13244.0,High
488,5,3559.05,High
489,2,292.6,High
490,0,37212.0,High
491,0,36240.0,High
492,0,32340.0,High
493,0,4840.2,High
494,1,1218.6,High
495,1,63828.0,High
496,1,2032.8,High
497,1,2296.56,High
498,1,4116.0,High
499,1,42696.0,High
500,2,125820.0,High
501,2,37212.0,High
502,2,32340.0,High
503,2,2172.0,High
504,2,4116.0,High
505,2,66948.0,High
506,2,48924.0,High
507,2,77400.0,High
508,2,50274.0,High
509,2,684.0,High
510,2,2959.2,High
511,3,58590.0,High
512,3,41412.0,High
513,3,2172.0,High
514,4,3036.96,High
515,4,6974.099999999999,High
516,4,26166.0,High
517,4,41412.0,High
518,4,35805.0,High
519,4,2959.2,High
520,5,11340.0,High
521,5,2874.06,High
522,5,2296.56,High
523,5,4586.4,High
524,0,6051.6,High
525,1,3831.84,High
526,2,3674.4,High
527,4,1252.44,High
528,4,3674.4,High
529,5,3975.84,High
530,0,5005.65,High
531,4,5005.65,High
532,0,41996.5,High
533,0,81445.0,High
534,0,1149.2,High
535,1,44703.75,High
536,1,1181.18,High
537,1,942.24,High
538,1,5863.0,High
539,1,3247.4,High
540,2,1309.035,High
541,2,31473.0,High
542,2,6866.6,High
543,2,7040.8,High
544,2,119756.0,High
545,2,25723.75,High
546,2,890.76,High
547,2,2453.36,High
548,2,3051.75,High
549,2,3247.4,High
550,2,16243.5,High
551,2,1580.28,High
552,3,7795.125,High
553,3,119756.0,High
554,3,1082.9,High
555,3,942.24,High
556,3,1287.0,High
557,3,639.6,High
558,3,101595.0,High
559,3,1580.28,High
560,4,25723.75,High
561,4,3051.75,High
562,5,26958.75,High
563,5,1082.9,High
564,5,639.6,High
565,5,2761.2,High
566,0,7221.2,High
567,0,4880.4,High
568,0,2936.08,High
569,0,274.4,High
570,1,287.14,High
571,1,2936.08,High
572,2,583.8,High
573,2,6798.4,High
574,2,3710.7,High
575,2,2340.24,High
576,4,274.4,High
577,5,2340.24,High
578,5,3385.2,High
579,0,33642.0,High
580,0,17902.5,High
581,0,62832.0,High
582,0,42420.0,High
583,0,3177.3,High
584,0,4830.0,High
585,0,49367.5,High
586,1,109147.5,High
587,1,58751.0,High
588,1,9800.0,High
589,1,380.24,High
590,1,1692.46,High
591,1,4830.0,High
592,2,728.0,High
593,2,5187.0,High
594,2,3660.3,High
595,2,4895.52,High
596,2,1696.38,High
597,2,34300.0,High
598,2,3732.96,High
599,2,57673.0,High
600,2,94178.0,High
601,3,27562.5,High
602,3,1696.8000000000002,High
603,3,103320.0,High
604,3,11298.0,High
605,3,106512.0,High
606,4,2844.94,High
607,4,106722.0,High
608,4,11298.0,High
609,4,62832.0,High
610,4,42420.0,High
611,4,62769.0,High
612,5,37296.0,High
613,5,49770.0,High
614,5,4158.0,High
615,5,3660.3,High
616,5,4895.52,High
617,5,1696.38,High
618,5,1692.46,High
619,5,3927.0,High
620,0,22012.5,High
621,0,51881.25,High
622,0,20343.75,High
623,1,24570.0,High
624,2,3474.0,High
625,2,3631.5,High
626,2,2661.75,High
627,2,149677.5,High
628,2,5757.75,High
629,2,801.0,High
630,2,20343.75,High
631,2,2643.75,High
632,2,105367.5,High
633,2,112927.5,High
634,2,1645.2,High
635,2,879.0,High
636,3,900.0,High
637,3,6358.5,High
638,3,12431.25,High
639,3,115830.0,High
640,3,45712.5,High
641,3,1645.2,High
642,4,2596.5,High
643,4,1107.0,High
644,4,801.0,High
645,4,2643.75,High
646,4,55387.5,High
647,4,10350.0,High
648,4,879.0,High
649,5,111375.0,High
650,5,24570.0,High
651,1,1436.4,High
652,2,759.1500000000001,High
653,4,3250.8,High
