ProdutoDetalheKey,ID_Produto,Discount_Band,Sale_Price,Units_Sold,Manufacturing_Price
1,0,None,20.0,1618.5,3.0
2,0,None,20.0,1321.0,3.0
3,0,None,15.0,2178.0,3.0
4,0,None,15.0,888.0,3.0
5,0,None,15.0,2470.0,3.0
6,0,None,350.0,1513.0,3.0
7,1,None,15.0,921.0,5.0
8,1,None,12.0,2518.0,5.0
9,1,None,20.0,1899.0,5.0
10,1,None,12.0,1545.0,5.0
11,1,None,15.0,2470.0,5.0
12,1,None,125.0,2665.5,5.0
13,1,None,300.0,958.0,5.0
14,1,None,7.0,2146.0,5.0
15,1,None,125.0,345.0,5.0
16,1,None,15.0,615.0,5.0
17,2,None,20.0,292.0,10.0
18,2,None,15.0,974.0,10.0
19,2,None,12.0,2518.0,10.0
20,2,None,350.0,1006.0,10.0
21,2,None,12.0,367.0,10.0
22,2,None,7.0,883.0,10.0
23,2,None,15.0,549.0,10.0
24,2,None,300.0,788.0,10.0
25,2,None,15.0,2472.0,10.0
26,2,None,7.0,1143.0,10.0
27,2,None,350.0,1725.0,10.0
28,2,None,12.0,912.0,10.0
29,2,None,15.0,2152.0,10.0
30,2,None,20.0,1817.0,10.0
31,2,None,350.0,1513.0,10.0
32,3,None,7.0,1493.0,120.0
33,3,None,125.0,1804.0,120.0
34,3,None,12.0,2161.0,120.0
35,3,None,350.0,1006.0,120.0
36,3,None,12.0,1545.0,120.0
37,3,None,125.0,2821.0,120.0
38,3,None,125.0,345.0,120.0
39,4,None,300.0,2001.0,250.0
40,4,None,12.0,2838.0,250.0
41,4,None,15.0,2178.0,250.0
42,4,None,15.0,888.0,250.0
43,4,None,350.0,1527.0,250.0
44,4,None,300.0,2151.0,250.0
45,4,None,20.0,1817.0,250.0
46,5,None,350.0,2750.0,260.0
47,5,None,12.0,1953.0,260.0
48,5,None,125.0,4219.5,260.0
49,5,None,20.0,1899.0,260.0
50,5,None,7.0,1686.0,260.0
51,5,None,12.0,2141.0,260.0
52,5,None,7.0,1143.0,260.0
53,5,None,15.0,615.0,260.0
54,2,Low,7.0,3945.0,10.0
55,2,Low,15.0,2296.0,10.0
56,2,Low,7.0,1030.0,10.0
57,3,Low,7.0,639.0,120.0
58,4,Low,7.0,1326.0,250.0
59,0,Low,12.0,1858.0,3.0
60,0,Low,350.0,1210.0,3.0
61,0,Low,7.0,2529.0,3.0
62,0,Low,12.0,1445.0,3.0
63,0,Low,125.0,330.0,3.0
64,0,Low,12.0,2671.0,3.0
65,0,Low,12.0,766.0,3.0
66,0,Low,300.0,494.0,3.0
67,0,Low,350.0,1397.0,3.0
68,0,Low,350.0,2155.0,3.0
69,1,Low,15.0,2214.0,5.0
70,1,Low,300.0,2301.0,5.0
71,1,Low,20.0,1375.5,5.0
72,1,Low,7.0,1830.0,5.0
73,1,Low,300.0,2498.0,5.0
74,1,Low,125.0,663.0,5.0
75,2,Low,15.0,1514.0,10.0
76,2,Low,7.0,4492.5,10.0
77,2,Low,125.0,727.0,10.0
78,2,Low,125.0,787.0,10.0
79,2,Low,125.0,1823.0,10.0
80,2,Low,15.0,747.0,10.0
81,2,Low,12.0,766.0,10.0
82,2,Low,300.0,2905.0,10.0
83,2,Low,350.0,2155.0,10.0
84,3,Low,20.0,3864.0,120.0
85,3,Low,7.0,362.0,120.0
86,3,Low,125.0,923.0,120.0
87,3,Low,125.0,663.0,120.0
88,3,Low,7.0,2092.0,120.0
89,4,Low,7.0,263.0,250.0
90,4,Low,350.0,943.5,250.0
91,4,Low,125.0,727.0,250.0
92,4,Low,125.0,787.0,250.0
93,4,Low,300.0,986.0,250.0
94,4,Low,300.0,494.0,250.0
95,4,Low,350.0,1397.0,250.0
96,4,Low,125.0,1744.0,250.0
97,5,Low,12.0,1989.0,260.0
98,5,Low,15.0,321.0,260.0
99,0,Low,125.0,742.5,3.0
100,0,Low,12.0,1295.0,3.0
101,0,Low,300.0,214.0,3.0
102,0,Low,7.0,2145.0,3.0
103,0,Low,350.0,2852.0,3.0
104,1,Low,12.0,1142.0,5.0
105,1,Low,20.0,1566.0,5.0
106,1,Low,12.0,690.0,5.0
107,1,Low,125.0,1660.0,5.0
108,2,Low,15.0,2363.0,10.0
109,2,Low,300.0,918.0,10.0
110,2,Low,300.0,1728.0,10.0
111,2,Low,12.0,1142.0,10.0
112,2,Low,125.0,662.0,10.0
113,2,Low,12.0,1295.0,10.0
114,2,Low,125.0,809.0,10.0
115,2,Low,125.0,2145.0,10.0
116,2,Low,12.0,1785.0,10.0
117,2,Low,300.0,1916.0,10.0
118,2,Low,350.0,2852.0,10.0
119,2,Low,125.0,2729.0,10.0
120,2,Low,15.0,1925.0,10.0
121,2,Low,7.0,2013.0,10.0
122,2,Low,12.0,1055.0,10.0
123,2,Low,12.0,1084.0,10.0
124,3,Low,20.0,1566.0,120.0
125,3,Low,350.0,2966.0,120.0
126,3,Low,350.0,2877.0,120.0
127,3,Low,125.0,809.0,120.0
128,3,Low,125.0,2145.0,120.0
129,3,Low,12.0,1055.0,120.0
130,3,Low,20.0,544.0,120.0
131,3,Low,12.0,1084.0,120.0
132,4,Low,125.0,662.0,250.0
133,4,Low,300.0,214.0,250.0
134,4,Low,350.0,2877.0,250.0
135,4,Low,125.0,2729.0,250.0
136,4,Low,350.0,266.0,250.0
137,4,Low,350.0,1940.0,250.0
138,5,Low,300.0,259.0,260.0
139,5,Low,300.0,1101.0,260.0
140,5,Low,125.0,2276.0,260.0
141,5,Low,350.0,2966.0,260.0
142,5,Low,20.0,1236.0,260.0
143,5,Low,20.0,941.0,260.0
144,5,Low,300.0,1916.0,260.0
145,0,Low,125.0,4243.5,3.0
146,0,Low,20.0,2580.0,3.0
147,0,Low,300.0,689.0,3.0
148,0,Low,12.0,1947.0,3.0
149,0,Low,12.0,908.0,3.0
150,1,Low,7.0,1958.0,5.0
151,1,Low,12.0,1901.0,5.0
152,1,Low,7.0,544.0,5.0
153,1,Low,350.0,1797.0,5.0
154,1,Low,125.0,1287.0,5.0
155,1,Low,125.0,1706.0,5.0
156,2,Low,300.0,2434.5,10.0
157,2,Low,125.0,1774.0,10.0
158,2,Low,12.0,1901.0,10.0
159,2,Low,300.0,689.0,10.0
160,2,Low,125.0,1570.0,10.0
161,2,Low,12.0,1369.5,10.0
162,2,Low,125.0,2009.0,10.0
163,2,Low,15.0,1945.0,10.0
164,2,Low,125.0,1287.0,10.0
165,2,Low,125.0,1706.0,10.0
166,3,Low,125.0,2009.0,120.0
167,4,Low,300.0,2844.0,250.0
168,4,Low,12.0,1916.0,250.0
169,4,Low,125.0,1570.0,250.0
170,4,Low,300.0,1874.0,250.0
171,4,Low,350.0,1642.0,250.0
172,4,Low,15.0,1945.0,250.0
173,0,Low,20.0,831.0,3.0
174,2,Low,7.0,1760.0,10.0
175,3,Low,20.0,3850.5,120.0
176,4,Low,12.0,2479.0,250.0
177,1,Low,15.0,2031.0,5.0
178,2,Low,15.0,2031.0,10.0
179,2,Low,15.0,2261.0,10.0
180,3,Low,20.0,736.0,120.0
181,0,Low,7.0,2851.0,3.0
182,0,Low,300.0,2021.0,3.0
183,0,Low,350.0,274.0,3.0
184,1,Low,15.0,1967.0,5.0
185,1,Low,300.0,1859.0,5.0
186,1,Low,7.0,2851.0,5.0
187,1,Low,300.0,2021.0,5.0
188,1,Low,125.0,1138.0,5.0
189,2,Low,7.0,4251.0,10.0
190,2,Low,125.0,795.0,10.0
191,2,Low,300.0,1414.5,10.0
192,2,Low,300.0,2918.0,10.0
193,2,Low,350.0,3450.0,10.0
194,2,Low,125.0,2988.0,10.0
195,2,Low,15.0,218.0,10.0
196,2,Low,20.0,2074.0,10.0
197,2,Low,20.0,1056.0,10.0
198,2,Low,15.0,671.0,10.0
199,2,Low,350.0,274.0,10.0
200,2,Low,125.0,1138.0,10.0
201,3,Low,12.0,1465.0,120.0
202,3,Low,20.0,2646.0,120.0
203,3,Low,350.0,2177.0,120.0
204,4,Low,12.0,866.0,250.0
205,4,Low,350.0,349.0,250.0
206,4,Low,350.0,2177.0,250.0
207,4,Low,15.0,1514.0,250.0
208,5,Low,350.0,1865.0,260.0
209,5,Low,125.0,1074.0,260.0
210,5,Low,350.0,1907.0,260.0
211,5,Low,15.0,671.0,260.0
212,5,Low,350.0,1778.0,260.0
213,1,Medium,7.0,1159.0,5.0
214,2,Medium,7.0,1372.0,10.0
215,2,Medium,7.0,2349.0,10.0
216,2,Medium,7.0,2689.0,10.0
217,2,Medium,12.0,2431.0,10.0
218,3,Medium,12.0,2431.0,120.0
219,4,Medium,7.0,2689.0,250.0
220,5,Medium,7.0,1683.0,260.0
221,5,Medium,12.0,1123.0,260.0
222,5,Medium,7.0,1159.0,260.0
223,0,Medium,12.0,1865.0,3.0
224,0,Medium,12.0,1116.0,3.0
225,0,Medium,20.0,1563.0,3.0
226,0,Medium,300.0,991.0,3.0
227,0,Medium,7.0,1016.0,3.0
228,0,Medium,15.0,2791.0,3.0
229,0,Medium,7.0,570.0,3.0
230,0,Medium,7.0,2487.0,3.0
231,1,Medium,350.0,1384.5,5.0
232,1,Medium,125.0,3627.0,5.0
233,1,Medium,350.0,720.0,5.0
234,1,Medium,12.0,2342.0,5.0
235,1,Medium,300.0,1100.0,5.0
236,2,Medium,20.0,1303.0,10.0
237,2,Medium,125.0,2992.0,10.0
238,2,Medium,125.0,2385.0,10.0
239,2,Medium,300.0,1607.0,10.0
240,2,Medium,7.0,2327.0,10.0
241,2,Medium,300.0,991.0,10.0
242,2,Medium,350.0,602.0,10.0
243,2,Medium,15.0,2620.0,10.0
244,2,Medium,350.0,1228.0,10.0
245,2,Medium,20.0,1389.0,10.0
246,2,Medium,125.0,861.0,10.0
247,2,Medium,125.0,704.0,10.0
248,2,Medium,20.0,1802.0,10.0
249,2,Medium,20.0,2663.0,10.0
250,2,Medium,7.0,2136.0,10.0
251,2,Medium,15.0,2116.0,10.0
252,3,Medium,15.0,555.0,120.0
253,3,Medium,15.0,2861.0,120.0
254,3,Medium,125.0,807.0,120.0
255,3,Medium,350.0,602.0,120.0
256,3,Medium,20.0,2832.0,120.0
257,3,Medium,20.0,1579.0,120.0
258,3,Medium,125.0,861.0,120.0
259,3,Medium,125.0,704.0,120.0
260,3,Medium,20.0,1033.0,120.0
261,3,Medium,300.0,1250.0,120.0
262,4,Medium,20.0,1389.0,250.0
263,4,Medium,20.0,1265.0,250.0
264,4,Medium,20.0,2297.0,250.0
265,4,Medium,20.0,2663.0,250.0
266,4,Medium,7.0,570.0,250.0
267,4,Medium,7.0,2487.0,250.0
268,5,Medium,350.0,1350.0,260.0
269,5,Medium,350.0,552.0,260.0
270,5,Medium,350.0,1228.0,260.0
271,5,Medium,300.0,1250.0,260.0
272,2,Medium,15.0,3801.0,10.0
273,0,Medium,20.0,1117.5,3.0
274,0,Medium,15.0,2844.0,3.0
275,0,Medium,12.0,562.0,3.0
276,0,Medium,12.0,2299.0,3.0
277,0,Medium,15.0,2030.0,3.0
278,0,Medium,7.0,263.0,3.0
279,0,Medium,125.0,887.0,3.0
280,1,Medium,350.0,980.0,5.0
281,1,Medium,350.0,1460.0,5.0
282,1,Medium,7.0,1403.0,5.0
283,1,Medium,12.0,2723.0,5.0
284,2,Medium,350.0,1496.0,10.0
285,2,Medium,12.0,2299.0,10.0
286,2,Medium,350.0,727.0,10.0
287,3,Medium,125.0,952.0,120.0
288,3,Medium,125.0,2755.0,120.0
289,3,Medium,15.0,1530.0,120.0
290,3,Medium,350.0,1496.0,120.0
291,3,Medium,7.0,1498.0,120.0
292,3,Medium,300.0,1221.0,120.0
293,3,Medium,350.0,2076.0,120.0
294,4,Medium,15.0,2844.0,250.0
295,4,Medium,7.0,1498.0,250.0
296,4,Medium,300.0,1221.0,250.0
297,4,Medium,20.0,1123.0,250.0
298,4,Medium,300.0,2436.0,250.0
299,5,Medium,125.0,1987.5,260.0
300,5,Medium,350.0,1679.0,260.0
301,5,Medium,350.0,727.0,260.0
302,5,Medium,7.0,1403.0,260.0
303,5,Medium,350.0,2076.0,260.0
304,1,Medium,20.0,1757.0,5.0
305,2,Medium,15.0,2198.0,10.0
306,2,Medium,15.0,1743.0,10.0
307,2,Medium,15.0,1153.0,10.0
308,2,Medium,20.0,1757.0,10.0
309,3,Medium,20.0,1001.0,120.0
310,3,Medium,7.0,1333.0,120.0
311,4,Medium,15.0,1153.0,250.0
312,0,Medium,12.0,727.0,3.0
313,0,Medium,12.0,1884.0,3.0
314,0,Medium,20.0,1834.0,3.0
315,1,Medium,12.0,2340.0,5.0
316,2,Medium,7.0,1031.0,10.0
317,3,Medium,15.0,1262.0,120.0
318,3,Medium,7.0,1135.0,120.0
319,3,Medium,7.0,547.0,120.0
320,3,Medium,7.0,1582.0,120.0
321,4,Medium,12.0,1738.5,250.0
322,4,Medium,12.0,2215.0,250.0
323,4,Medium,7.0,1582.0,250.0
324,5,Medium,7.0,1135.0,260.0
325,0,Medium,350.0,1761.0,3.0
326,0,Medium,300.0,448.0,3.0
327,0,Medium,300.0,2181.0,3.0
328,1,Medium,20.0,1976.0,5.0
329,1,Medium,300.0,2181.0,5.0
330,1,Medium,125.0,2500.0,5.0
331,2,Medium,300.0,1702.0,10.0
332,2,Medium,300.0,448.0,10.0
333,2,Medium,125.0,3513.0,10.0
334,2,Medium,15.0,2101.0,10.0
335,2,Medium,15.0,2931.0,10.0
336,2,Medium,20.0,1535.0,10.0
337,2,Medium,300.0,1123.0,10.0
338,2,Medium,300.0,1404.0,10.0
339,2,Medium,12.0,2763.0,10.0
340,2,Medium,7.0,2125.0,10.0
341,3,Medium,300.0,1659.0,120.0
342,3,Medium,20.0,609.0,120.0
343,3,Medium,125.0,2087.0,120.0
344,3,Medium,20.0,1976.0,120.0
345,3,Medium,20.0,1421.0,120.0
346,3,Medium,300.0,1372.0,120.0
347,3,Medium,20.0,588.0,120.0
348,4,Medium,12.0,3244.5,250.0
349,4,Medium,300.0,959.0,250.0
350,4,Medium,300.0,2747.0,250.0
351,5,Medium,125.0,1645.0,260.0
352,5,Medium,350.0,2876.0,260.0
353,5,Medium,125.0,994.0,260.0
354,5,Medium,20.0,1118.0,260.0
355,5,Medium,300.0,1372.0,260.0
356,1,Medium,7.0,488.0,5.0
357,1,Medium,20.0,1282.0,5.0
358,2,Medium,7.0,257.0,10.0
359,5,Medium,20.0,1282.0,260.0
360,0,Medium,125.0,1540.0,3.0
361,0,Medium,15.0,490.0,3.0
362,0,Medium,350.0,1362.0,3.0
363,1,Medium,15.0,2501.0,5.0
364,1,Medium,20.0,708.0,5.0
365,1,Medium,20.0,645.0,5.0
366,1,Medium,300.0,1562.0,5.0
367,1,Medium,300.0,1283.0,5.0
368,1,Medium,15.0,711.0,5.0
369,2,Medium,125.0,1114.0,10.0
370,2,Medium,7.0,1259.0,10.0
371,2,Medium,7.0,1095.0,10.0
372,2,Medium,20.0,1366.0,10.0
373,2,Medium,300.0,2460.0,10.0
374,2,Medium,7.0,678.0,10.0
375,2,Medium,7.0,1598.0,10.0
376,2,Medium,7.0,2409.0,10.0
377,2,Medium,20.0,1934.0,10.0
378,2,Medium,20.0,2993.0,10.0
379,2,Medium,350.0,2146.0,10.0
380,2,Medium,7.0,1946.0,10.0
381,2,Medium,350.0,1362.0,10.0
382,3,Medium,12.0,598.0,120.0
383,3,Medium,7.0,2907.0,120.0
384,3,Medium,7.0,2338.0,120.0
385,3,Medium,300.0,386.0,120.0
386,3,Medium,300.0,635.0,120.0
387,4,Medium,350.0,574.5,250.0
388,4,Medium,7.0,2338.0,250.0
389,4,Medium,350.0,381.0,250.0
390,4,Medium,350.0,422.0,250.0
391,4,Medium,300.0,2134.0,250.0
392,4,Medium,300.0,808.0,250.0
393,5,Medium,20.0,708.0,260.0
394,5,Medium,7.0,2907.0,260.0
395,5,Medium,20.0,1366.0,260.0
396,5,Medium,300.0,2460.0,260.0
397,5,Medium,20.0,1520.0,260.0
398,5,Medium,15.0,711.0,260.0
399,5,Medium,12.0,1375.0,260.0
400,5,Medium,300.0,635.0,260.0
401,4,Medium,20.0,436.5,250.0
402,0,Medium,300.0,1094.0,3.0
403,0,Medium,12.0,367.0,3.0
404,1,Medium,300.0,3802.5,5.0
405,1,Medium,350.0,1666.0,5.0
406,1,Medium,300.0,322.0,5.0
407,1,Medium,12.0,2321.0,5.0
408,1,Medium,125.0,1857.0,5.0
409,1,Medium,7.0,1611.0,5.0
410,1,Medium,125.0,2797.0,5.0
411,1,Medium,300.0,334.0,5.0
412,2,Medium,300.0,2565.0,10.0
413,2,Medium,350.0,2417.0,10.0
414,2,Medium,15.0,3675.0,10.0
415,2,Medium,300.0,1094.0,10.0
416,2,Medium,15.0,1227.0,10.0
417,2,Medium,12.0,367.0,10.0
418,2,Medium,300.0,1324.0,10.0
419,2,Medium,12.0,1775.0,10.0
420,2,Medium,125.0,2797.0,10.0
421,3,Medium,15.0,245.0,120.0
422,3,Medium,300.0,3793.5,120.0
423,3,Medium,350.0,1307.0,120.0
424,3,Medium,125.0,567.0,120.0
425,3,Medium,125.0,2110.0,120.0
426,3,Medium,350.0,1269.0,120.0
427,4,Medium,12.0,1956.0,250.0
428,4,Medium,300.0,2659.0,250.0
429,4,Medium,350.0,1351.5,250.0
430,4,Medium,12.0,880.0,250.0
431,4,Medium,300.0,1867.0,250.0
432,4,Medium,12.0,2234.0,250.0
433,4,Medium,15.0,1227.0,250.0
434,4,Medium,125.0,877.0,250.0
435,5,Medium,350.0,2071.0,260.0
436,5,Medium,350.0,1269.0,260.0
437,5,Medium,15.0,970.0,260.0
438,5,Medium,20.0,1694.0,260.0
439,0,Medium,20.0,663.0,3.0
440,0,Medium,7.0,819.0,3.0
441,0,Medium,12.0,1580.0,3.0
442,0,Medium,7.0,521.0,3.0
443,2,Medium,20.0,973.0,10.0
444,2,Medium,20.0,1038.0,10.0
445,2,Medium,7.0,360.0,10.0
446,3,Medium,12.0,1967.0,120.0
447,3,Medium,15.0,2628.0,120.0
448,4,Medium,7.0,360.0,250.0
449,4,Medium,20.0,2682.0,250.0
450,4,Medium,7.0,521.0,250.0
451,5,Medium,20.0,1038.0,260.0
452,5,Medium,15.0,1630.5,260.0
453,5,Medium,12.0,306.0,260.0
454,0,High,12.0,386.0,3.0
455,1,High,7.0,2328.0,5.0
456,2,High,12.0,386.0,10.0
457,0,High,125.0,3445.5,3.0
458,0,High,125.0,1482.0,3.0
459,1,High,350.0,2313.0,5.0
460,1,High,125.0,1804.0,5.0
461,1,High,15.0,2072.0,5.0
462,2,High,20.0,1954.0,10.0
463,2,High,300.0,591.0,10.0
464,2,High,15.0,2167.0,10.0
465,2,High,20.0,241.0,10.0
466,3,High,15.0,681.0,120.0
467,3,High,15.0,510.0,120.0
468,3,High,15.0,790.0,120.0
469,3,High,350.0,639.0,120.0
470,3,High,125.0,1596.0,120.0
471,3,High,300.0,2294.0,120.0
472,3,High,20.0,241.0,120.0
473,3,High,7.0,2665.0,120.0
474,3,High,125.0,1916.0,120.0
475,3,High,300.0,853.0,120.0
476,4,High,125.0,341.0,250.0
477,4,High,15.0,641.0,250.0
478,4,High,350.0,2807.0,250.0
479,4,High,300.0,432.0,250.0
480,4,High,300.0,2294.0,250.0
481,4,High,15.0,2167.0,250.0
482,4,High,125.0,2529.0,250.0
483,4,High,350.0,1870.0,250.0
484,5,High,125.0,579.0,260.0
485,5,High,350.0,2240.0,260.0
486,5,High,300.0,2993.0,260.0
487,5,High,12.0,3520.5,260.0
488,5,High,20.0,2039.0,260.0
489,5,High,12.0,2574.0,260.0
490,5,High,350.0,707.0,260.0
491,5,High,15.0,2072.0,260.0
492,5,High,300.0,853.0,260.0
493,0,High,12.0,1198.0,3.0
494,2,High,7.0,2532.0,10.0
495,2,High,12.0,1198.0,10.0
496,3,High,15.0,384.0,120.0
497,3,High,12.0,472.0,120.0
498,4,High,7.0,1579.0,250.0
499,4,High,12.0,1005.0,250.0
500,5,High,15.0,3199.5,260.0
501,5,High,12.0,472.0,260.0
502,0,High,12.0,1937.0,3.0
503,0,High,350.0,792.0,3.0
504,0,High,300.0,2811.0,3.0
505,0,High,125.0,2441.0,3.0
506,0,High,15.0,1560.0,3.0
507,0,High,7.0,2706.0,3.0
508,1,High,350.0,766.0,5.0
509,1,High,20.0,2992.0,5.0
510,1,High,15.0,2157.0,5.0
511,2,High,300.0,873.0,10.0
512,2,High,20.0,1122.0,10.0
513,2,High,350.0,2104.5,10.0
514,2,High,12.0,4026.0,10.0
515,2,High,12.0,2425.5,10.0
516,2,High,20.0,2394.0,10.0
517,2,High,15.0,1984.0,10.0
518,2,High,125.0,2441.0,10.0
519,2,High,20.0,2992.0,10.0
520,2,High,300.0,1366.0,10.0
521,3,High,20.0,2805.0,120.0
522,3,High,15.0,655.0,120.0
523,3,High,350.0,344.0,120.0
524,3,High,7.0,1808.0,120.0
525,4,High,12.0,1734.0,250.0
526,4,High,125.0,554.0,250.0
527,4,High,20.0,2935.0,250.0
528,5,High,125.0,3165.0,260.0
529,5,High,20.0,2629.0,260.0
530,5,High,125.0,1433.0,260.0
531,5,High,125.0,947.0,260.0
532,5,High,350.0,344.0,260.0
533,5,High,15.0,2157.0,260.0
534,2,High,7.0,380.0,10.0
535,0,High,350.0,886.0,3.0
536,0,High,125.0,2416.0,3.0
537,0,High,125.0,2156.0,3.0
538,0,High,15.0,2689.0,3.0
539,1,High,15.0,677.0,5.0
540,1,High,300.0,1773.0,5.0
541,1,High,7.0,2420.0,5.0
542,1,High,7.0,2734.0,5.0
543,1,High,20.0,1715.0,5.0
544,1,High,300.0,1186.0,5.0
545,2,High,300.0,3495.0,10.0
546,2,High,350.0,886.0,10.0
547,2,High,125.0,2156.0,10.0
548,2,High,20.0,905.0,10.0
549,2,High,20.0,1715.0,10.0
550,2,High,350.0,1594.0,10.0
551,2,High,300.0,1359.0,10.0
552,2,High,300.0,2150.0,10.0
553,2,High,350.0,1197.0,10.0
554,2,High,15.0,380.0,10.0
555,2,High,20.0,1233.0,10.0
556,3,High,350.0,1395.0,120.0
557,3,High,350.0,986.0,120.0
558,3,High,20.0,905.0,120.0
559,4,High,12.0,2109.0,250.0
560,4,High,15.0,3874.5,250.0
561,4,High,350.0,623.0,250.0
562,4,High,350.0,986.0,250.0
563,4,High,125.0,2387.0,250.0
564,4,High,20.0,1233.0,250.0
565,5,High,350.0,270.0,260.0
566,5,High,7.0,3421.5,260.0
567,5,High,7.0,2734.0,260.0
568,5,High,15.0,2548.0,260.0
569,0,High,20.0,2521.5,3.0
570,1,High,12.0,2661.0,5.0
571,2,High,20.0,1531.0,10.0
572,4,High,7.0,1491.0,250.0
573,4,High,20.0,1531.0,250.0
574,5,High,12.0,2761.0,260.0
575,0,High,15.0,2567.0,3.0
576,4,High,15.0,2567.0,250.0
577,0,High,350.0,923.0,3.0
578,0,High,350.0,1790.0,3.0
579,0,High,20.0,442.0,3.0
580,1,High,350.0,982.5,5.0
581,1,High,7.0,1298.0,5.0
582,1,High,12.0,604.0,5.0
583,1,High,20.0,2255.0,5.0
584,1,High,20.0,1249.0,5.0
585,2,High,7.0,1438.5,10.0
586,2,High,300.0,807.0,10.0
587,2,High,20.0,2641.0,10.0
588,2,High,20.0,2708.0,10.0
589,2,High,350.0,2632.0,10.0
590,2,High,125.0,1583.0,10.0
591,2,High,12.0,571.0,10.0
592,2,High,7.0,2696.0,10.0
593,2,High,15.0,1565.0,10.0
594,2,High,20.0,1249.0,10.0
595,2,High,350.0,357.0,10.0
596,2,High,12.0,1013.0,10.0
597,3,High,15.0,3997.5,120.0
598,3,High,350.0,2632.0,120.0
599,3,High,7.0,1190.0,120.0
600,3,High,12.0,604.0,120.0
601,3,High,15.0,660.0,120.0
602,3,High,12.0,410.0,120.0
603,3,High,300.0,2605.0,120.0
604,3,High,12.0,1013.0,120.0
605,4,High,125.0,1583.0,250.0
606,4,High,15.0,1565.0,250.0
607,5,High,125.0,1659.0,260.0
608,5,High,7.0,1190.0,260.0
609,5,High,12.0,410.0,260.0
610,5,High,12.0,1770.0,260.0
611,0,High,20.0,2579.0,3.0
612,0,High,20.0,1743.0,3.0
613,0,High,7.0,2996.0,3.0
614,0,High,7.0,280.0,3.0
615,1,High,7.0,293.0,5.0
616,1,High,7.0,2996.0,5.0
617,2,High,15.0,278.0,10.0
618,2,High,20.0,2428.0,10.0
619,2,High,15.0,1767.0,10.0
620,2,High,12.0,1393.0,10.0
621,4,High,7.0,280.0,250.0
622,5,High,12.0,1393.0,260.0
623,5,High,12.0,2015.0,260.0
624,0,High,300.0,801.0,3.0
625,0,High,125.0,1023.0,3.0
626,0,High,300.0,1496.0,3.0
627,0,High,300.0,1010.0,3.0
628,0,High,15.0,1513.0,3.0
629,0,High,15.0,2300.0,3.0
630,0,High,125.0,2821.0,3.0
631,1,High,350.0,2227.5,5.0
632,1,High,350.0,1199.0,5.0
633,1,High,350.0,200.0,5.0
634,1,High,7.0,388.0,5.0
635,1,High,7.0,1727.0,5.0
636,1,High,15.0,2300.0,5.0
637,2,High,20.0,260.0,10.0
638,2,High,15.0,2470.0,10.0
639,2,High,15.0,1743.0,10.0
640,2,High,12.0,2914.0,10.0
641,2,High,7.0,1731.0,10.0
642,2,High,350.0,700.0,10.0
643,2,High,12.0,2222.0,10.0
644,2,High,350.0,1177.0,10.0
645,2,High,350.0,1922.0,10.0
646,3,High,125.0,1575.0,120.0
647,3,High,20.0,606.0,120.0
648,3,High,300.0,2460.0,120.0
649,3,High,300.0,269.0,120.0
650,3,High,300.0,2536.0,120.0
651,4,High,7.0,2903.0,250.0
652,4,High,300.0,2541.0,250.0
653,4,High,300.0,269.0,250.0
654,4,High,300.0,1496.0,250.0
655,4,High,300.0,1010.0,250.0
656,4,High,350.0,1281.0,250.0
657,5,High,300.0,888.0,260.0
658,5,High,125.0,2844.0,260.0
659,5,High,12.0,2475.0,260.0
660,5,High,15.0,1743.0,260.0
661,5,High,12.0,2914.0,260.0
662,5,High,7.0,1731.0,260.0
663,5,High,7.0,1727.0,260.0
664,5,High,15.0,1870.0,260.0
665,0,High,125.0,1174.0,3.0
666,0,High,125.0,2767.0,3.0
667,0,High,125.0,1085.0,3.0
668,1,High,300.0,546.0,5.0
669,2,High,20.0,1158.0,10.0
670,2,High,15.0,1614.0,10.0
671,2,High,7.0,2535.0,10.0
672,2,High,350.0,2851.0,10.0
673,2,High,15.0,2559.0,10.0
674,2,High,20.0,267.0,10.0
675,2,High,125.0,1085.0,10.0
676,2,High,15.0,1175.0,10.0
677,2,High,350.0,2007.0,10.0
678,2,High,350.0,2151.0,10.0
679,2,High,12.0,914.0,10.0
680,2,High,20.0,293.0,10.0
681,3,High,12.0,500.0,120.0
682,3,High,15.0,2826.0,120.0
683,3,High,125.0,663.0,120.0
684,3,High,300.0,2574.0,120.0
685,3,High,125.0,2438.0,120.0
686,3,High,12.0,914.0,120.0
687,4,High,20.0,865.5,250.0
688,4,High,15.0,492.0,250.0
689,4,High,20.0,267.0,250.0
690,4,High,15.0,1175.0,250.0
691,4,High,125.0,2954.0,250.0
692,4,High,125.0,552.0,250.0
693,4,High,20.0,293.0,250.0
694,5,High,300.0,2475.0,260.0
695,5,High,300.0,546.0,260.0
696,1,High,7.0,1368.0,5.0
697,2,High,7.0,723.0,10.0
698,4,High,12.0,1806.0,250.0
