SK_ID,ID_Produto,ProdutoDetalheKey,DescontoKey,DetalheKey,Produto,Units_Sold,Sale_Price,Discount_Band,Segment,Country,Sales,Profit,Date,Gross_Sales,Discounts,COGS
1,0,1,1,1,Carretera,1618.5,20.0,None,Government,Canada,32370.0,16185.0,2014-01-01,32370.0,0.0,16185.0
2,0,2,1,2,Carretera,1321.0,20.0,None,Government,Germany,26420.0,13210.0,2014-01-01,26420.0,0.0,13210.0
3,0,3,1,3,Carretera,2178.0,15.0,None,Midmarket,France,32670.0,10890.0,2014-06-01,32670.0,0.0,21780.0
4,0,4,1,4,Carretera,888.0,15.0,None,Midmarket,Germany,13320.0,4440.0,2014-06-01,13320.0,0.0,8880.0
5,0,5,1,5,Carretera,2470.0,15.0,None,Midmarket,Mexico,37050.0,12350.0,2014-06-01,37050.0,0.0,24700.0
6,0,6,1,2,Carretera,1513.0,350.0,None,Government,Germany,529550.0,136170.0,2014-12-01,529550.0,0.0,393380.0
7,1,7,2,4,Montana,921.0,15.0,None,Midmarket,Germany,13815.0,4605.0,2014-03-01,13815.0,0.0,9210.0
8,1,8,2,6,Montana,2518.0,12.0,None,Channel Partners,Canada,30216.0,22662.0,2014-06-01,30216.0,0.0,7554.0
9,1,9,2,7,Montana,1899.0,20.0,None,Government,France,37980.0,18990.0,2014-06-01,37980.0,0.0,18990.0
10,1,10,2,8,Montana,1545.0,12.0,None,Channel Partners,Germany,18540.0,13905.0,2014-06-01,18540.0,0.0,4635.0
11,1,11,2,5,Montana,2470.0,15.0,None,Midmarket,Mexico,37050.0,12350.0,2014-06-01,37050.0,0.0,24700.0
12,1,12,2,9,Montana,2665.5,125.0,None,Enterprise,Canada,333187.5,13327.5,2014-07-01,333187.5,0.0,319860.0
13,1,13,2,10,Montana,958.0,300.0,None,Small Business,Mexico,287400.0,47900.0,2014-08-01,287400.0,0.0,239500.0
14,1,14,2,2,Montana,2146.0,7.0,None,Government,Germany,15022.0,4292.0,2014-09-01,15022.0,0.0,10730.0
15,1,15,2,9,Montana,345.0,125.0,None,Enterprise,Canada,43125.0,1725.0,2013-10-01,43125.0,0.0,41400.0
16,1,16,2,11,Montana,615.0,15.0,None,Midmarket,United States of America,9225.0,3075.0,2014-12-01,9225.0,0.0,6150.0
17,2,17,3,1,Paseo,292.0,20.0,None,Government,Canada,5840.0,2920.0,2014-02-01,5840.0,0.0,2920.0
18,2,18,3,5,Paseo,974.0,15.0,None,Midmarket,Mexico,14610.0,4870.0,2014-02-01,14610.0,0.0,9740.0
19,2,19,3,6,Paseo,2518.0,12.0,None,Channel Partners,Canada,30216.0,22662.0,2014-06-01,30216.0,0.0,7554.0
20,2,20,3,2,Paseo,1006.0,350.0,None,Government,Germany,352100.0,90540.0,2014-06-01,352100.0,0.0,261560.0
21,2,21,3,8,Paseo,367.0,12.0,None,Channel Partners,Germany,4404.0,3303.0,2014-07-01,4404.0,0.0,1101.0
22,2,22,3,12,Paseo,883.0,7.0,None,Government,Mexico,6181.0,1766.0,2014-08-01,6181.0,0.0,4415.0
23,2,23,3,3,Paseo,549.0,15.0,None,Midmarket,France,8235.0,2745.0,2013-09-01,8235.0,0.0,5490.0
24,2,24,3,10,Paseo,788.0,300.0,None,Small Business,Mexico,236400.0,39400.0,2013-09-01,236400.0,0.0,197000.0
25,2,25,3,5,Paseo,2472.0,15.0,None,Midmarket,Mexico,37080.0,12360.0,2014-09-01,37080.0,0.0,24720.0
26,2,26,3,13,Paseo,1143.0,7.0,None,Government,United States of America,8001.0,2286.0,2014-10-01,8001.0,0.0,5715.0
27,2,27,3,1,Paseo,1725.0,350.0,None,Government,Canada,603750.0,155250.0,2013-11-01,603750.0,0.0,448500.0
28,2,28,3,14,Paseo,912.0,12.0,None,Channel Partners,United States of America,10944.0,8208.0,2013-11-01,10944.0,0.0,2736.0
29,2,29,3,15,Paseo,2152.0,15.0,None,Midmarket,Canada,32280.0,10760.0,2013-12-01,32280.0,0.0,21520.0
30,2,30,3,1,Paseo,1817.0,20.0,None,Government,Canada,36340.0,18170.0,2014-12-01,36340.0,0.0,18170.0
31,2,31,3,2,Paseo,1513.0,350.0,None,Government,Germany,529550.0,136170.0,2014-12-01,529550.0,0.0,393380.0
32,3,32,4,12,Velo,1493.0,7.0,None,Government,Mexico,10451.0,2986.0,2014-01-01,10451.0,0.0,7465.0
33,3,33,4,16,Velo,1804.0,125.0,None,Enterprise,France,225500.0,9020.0,2014-02-01,225500.0,0.0,216480.0
34,3,34,4,8,Velo,2161.0,12.0,None,Channel Partners,Germany,25932.0,19449.0,2014-03-01,25932.0,0.0,6483.0
35,3,35,4,2,Velo,1006.0,350.0,None,Government,Germany,352100.0,90540.0,2014-06-01,352100.0,0.0,261560.0
36,3,36,4,8,Velo,1545.0,12.0,None,Channel Partners,Germany,18540.0,13905.0,2014-06-01,18540.0,0.0,4635.0
37,3,37,4,17,Velo,2821.0,125.0,None,Enterprise,United States of America,352625.0,14105.0,2014-08-01,352625.0,0.0,338520.0
38,3,38,4,9,Velo,345.0,125.0,None,Enterprise,Canada,43125.0,1725.0,2013-10-01,43125.0,0.0,41400.0
39,4,39,5,18,VTT,2001.0,300.0,None,Small Business,Canada,600300.0,100050.0,2014-02-01,600300.0,0.0,500250.0
40,4,40,5,8,VTT,2838.0,12.0,None,Channel Partners,Germany,34056.0,25542.0,2014-04-01,34056.0,0.0,8514.0
41,4,41,5,3,VTT,2178.0,15.0,None,Midmarket,France,32670.0,10890.0,2014-06-01,32670.0,0.0,21780.0
42,4,42,5,4,VTT,888.0,15.0,None,Midmarket,Germany,13320.0,4440.0,2014-06-01,13320.0,0.0,8880.0
43,4,43,5,7,VTT,1527.0,350.0,None,Government,France,534450.0,137430.0,2013-09-01,534450.0,0.0,397020.0
44,4,44,5,19,VTT,2151.0,300.0,None,Small Business,France,645300.0,107550.0,2014-09-01,645300.0,0.0,537750.0
45,4,45,5,1,VTT,1817.0,20.0,None,Government,Canada,36340.0,18170.0,2014-12-01,36340.0,0.0,18170.0
46,5,46,6,7,Amarilla,2750.0,350.0,None,Government,France,962500.0,247500.0,2014-02-01,962500.0,0.0,715000.0
47,5,47,6,14,Amarilla,1953.0,12.0,None,Channel Partners,United States of America,23436.0,17577.0,2014-04-01,23436.0,0.0,5859.0
48,5,48,6,20,Amarilla,4219.5,125.0,None,Enterprise,Germany,527437.5,21097.5,2014-04-01,527437.5,0.0,506340.0
49,5,49,6,7,Amarilla,1899.0,20.0,None,Government,France,37980.0,18990.0,2014-06-01,37980.0,0.0,18990.0
50,5,50,6,2,Amarilla,1686.0,7.0,None,Government,Germany,11802.0,3372.0,2014-07-01,11802.0,0.0,8430.0
51,5,51,6,14,Amarilla,2141.0,12.0,None,Channel Partners,United States of America,25692.0,19269.0,2014-08-01,25692.0,0.0,6423.0
52,5,52,6,13,Amarilla,1143.0,7.0,None,Government,United States of America,8001.0,2286.0,2014-10-01,8001.0,0.0,5715.0
53,5,53,6,11,Amarilla,615.0,15.0,None,Midmarket,United States of America,9225.0,3075.0,2014-12-01,9225.0,0.0,6150.0
54,2,54,7,7,Paseo,3945.0,7.0,Low,Government,France,27338.850000000002,7613.850000000002,2014-01-01,27615.0,276.15,19725.0
55,2,55,8,3,Paseo,2296.0,15.0,Low,Midmarket,France,34095.6,11135.599999999999,2014-02-01,34440.0,344.4,22960.0
56,2,56,9,7,Paseo,1030.0,7.0,Low,Government,France,7137.9,1987.8999999999996,2014-05-01,7210.0,72.1,5150.0
57,3,57,10,7,Velo,639.0,7.0,Low,Government,France,4428.27,1233.2700000000004,2014-11-01,4473.0,44.73,3195.0
58,4,58,11,1,VTT,1326.0,7.0,Low,Government,Canada,9189.18,2559.1800000000003,2014-03-01,9282.0,92.82,6630.0
59,0,59,12,14,Carretera,1858.0,12.0,Low,Channel Partners,United States of America,22073.04,16499.04,2014-02-01,22296.0,222.96,5574.0
60,0,60,13,12,Carretera,1210.0,350.0,Low,Government,Mexico,419265.0,104665.0,2014-03-01,423500.0,4235.0,314600.0
61,0,61,14,13,Carretera,2529.0,7.0,Low,Government,United States of America,17525.97,4880.969999999999,2014-07-01,17703.0,177.03,12645.0
62,0,62,15,6,Carretera,1445.0,12.0,Low,Channel Partners,Canada,17166.6,12831.599999999999,2014-09-01,17340.0,173.4,4335.0
63,0,63,16,17,Carretera,330.0,125.0,Low,Enterprise,United States of America,40837.5,1237.5,2013-09-01,41250.0,412.5,39600.0
64,0,64,17,21,Carretera,2671.0,12.0,Low,Channel Partners,France,31731.48,23718.48,2014-09-01,32052.0,320.52,8013.0
65,0,65,18,8,Carretera,766.0,12.0,Low,Channel Partners,Germany,9100.08,6802.08,2013-10-01,9192.0,91.92,2298.0
66,0,66,19,10,Carretera,494.0,300.0,Low,Small Business,Mexico,146718.0,23218.0,2013-10-01,148200.0,1482.0,123500.0
67,0,67,20,12,Carretera,1397.0,350.0,Low,Government,Mexico,484060.5,120840.5,2014-10-01,488950.0,4889.5,363220.0
68,0,68,21,7,Carretera,2155.0,350.0,Low,Government,France,746707.5,186407.5,2014-12-01,754250.0,7542.5,560300.0
69,1,69,22,5,Montana,2214.0,15.0,Low,Midmarket,Mexico,32877.9,10737.900000000001,2014-03-01,33210.0,332.1,22140.0
70,1,70,23,22,Montana,2301.0,300.0,Low,Small Business,United States of America,683397.0,108147.0,2014-04-01,690300.0,6903.0,575250.0
71,1,71,24,7,Montana,1375.5,20.0,Low,Government,France,27234.899999999998,13479.899999999998,2014-07-01,27510.0,275.1,13755.0
72,1,72,25,1,Montana,1830.0,7.0,Low,Government,Canada,12681.9,3531.8999999999996,2014-08-01,12810.0,128.1,9150.0
73,1,73,26,22,Montana,2498.0,300.0,Low,Small Business,United States of America,741906.0,117406.0,2013-09-01,749400.0,7494.0,624500.0
74,1,74,27,17,Montana,663.0,125.0,Low,Enterprise,United States of America,82046.25,2486.25,2013-10-01,82875.0,828.75,79560.0
75,2,75,28,11,Paseo,1514.0,15.0,Low,Midmarket,United States of America,22482.9,7342.9000000000015,2014-02-01,22710.0,227.1,15140.0
76,2,76,29,13,Paseo,4492.5,7.0,Low,Government,United States of America,31133.024999999998,8670.524999999998,2014-04-01,31447.5,314.475,22462.5
77,2,77,30,17,Paseo,727.0,125.0,Low,Enterprise,United States of America,89966.25,2726.25,2014-06-01,90875.0,908.75,87240.0
78,2,78,31,16,Paseo,787.0,125.0,Low,Enterprise,France,97391.25,2951.25,2014-06-01,98375.0,983.75,94440.0
79,2,79,32,23,Paseo,1823.0,125.0,Low,Enterprise,Mexico,225596.25,6836.25,2014-07-01,227875.0,2278.75,218760.0
80,2,80,33,4,Paseo,747.0,15.0,Low,Midmarket,Germany,11092.95,3622.9500000000007,2014-09-01,11205.0,112.05,7470.0
81,2,81,34,8,Paseo,766.0,12.0,Low,Channel Partners,Germany,9100.08,6802.08,2013-10-01,9192.0,91.92,2298.0
82,2,82,35,22,Paseo,2905.0,300.0,Low,Small Business,United States of America,862785.0,136535.0,2014-11-01,871500.0,8715.0,726250.0
83,2,83,36,7,Paseo,2155.0,350.0,Low,Government,France,746707.5,186407.5,2014-12-01,754250.0,7542.5,560300.0
84,3,84,37,7,Velo,3864.0,20.0,Low,Government,France,76507.20000000001,37867.200000000004,2014-04-01,77280.0,772.8000000000001,38640.0
85,3,85,38,12,Velo,362.0,7.0,Low,Government,Mexico,2508.66,698.6599999999999,2014-05-01,2534.0,25.34,1810.0
86,3,86,39,9,Velo,923.0,125.0,Low,Enterprise,Canada,114221.25,3461.25,2014-08-01,115375.0,1153.75,110760.0
87,3,87,40,17,Velo,663.0,125.0,Low,Enterprise,United States of America,82046.25,2486.25,2013-10-01,82875.0,828.75,79560.0
88,3,88,41,1,Velo,2092.0,7.0,Low,Government,Canada,14497.56,4037.5599999999995,2013-11-01,14644.0,146.44,10460.0
89,4,89,42,2,VTT,263.0,7.0,Low,Government,Germany,1822.59,507.5899999999999,2014-03-01,1841.0,18.41,1315.0
90,4,90,43,1,VTT,943.5,350.0,Low,Government,Canada,326922.75,81612.75,2014-04-01,330225.0,3302.25,245310.0
91,4,91,44,17,VTT,727.0,125.0,Low,Enterprise,United States of America,89966.25,2726.25,2014-06-01,90875.0,908.75,87240.0
92,4,92,45,16,VTT,787.0,125.0,Low,Enterprise,France,97391.25,2951.25,2014-06-01,98375.0,983.75,94440.0
93,4,93,46,24,VTT,986.0,300.0,Low,Small Business,Germany,292842.0,46342.0,2014-09-01,295800.0,2958.0,246500.0
94,4,94,47,10,VTT,494.0,300.0,Low,Small Business,Mexico,146718.0,23218.0,2013-10-01,148200.0,1482.0,123500.0
95,4,95,48,12,VTT,1397.0,350.0,Low,Government,Mexico,484060.5,120840.5,2014-10-01,488950.0,4889.5,363220.0
96,4,96,49,16,VTT,1744.0,125.0,Low,Enterprise,France,215820.0,6540.0,2014-11-01,218000.0,2180.0,209280.0
97,5,97,50,14,Amarilla,1989.0,12.0,Low,Channel Partners,United States of America,23629.32,17662.32,2013-09-01,23868.0,238.68,5967.0
98,5,98,51,3,Amarilla,321.0,15.0,Low,Midmarket,France,4766.85,1556.8500000000004,2013-11-01,4815.0,48.15,3210.0
99,0,99,52,9,Carretera,742.5,125.0,Low,Enterprise,Canada,90956.25,1856.25,2014-04-01,92812.5,1856.25,89100.0
100,0,100,53,6,Carretera,1295.0,12.0,Low,Channel Partners,Canada,15229.2,11344.2,2014-10-01,15540.0,310.8,3885.0
101,0,101,54,24,Carretera,214.0,300.0,Low,Small Business,Germany,62916.0,9416.0,2013-10-01,64200.0,1284.0,53500.0
102,0,102,55,7,Carretera,2145.0,7.0,Low,Government,France,14714.7,3989.7000000000007,2013-11-01,15015.0,300.3,10725.0
103,0,103,56,1,Carretera,2852.0,350.0,Low,Government,Canada,978236.0,236716.0,2014-12-01,998200.0,19964.0,741520.0
104,1,104,57,14,Montana,1142.0,12.0,Low,Channel Partners,United States of America,13429.92,10003.92,2014-06-01,13704.0,274.08,3426.0
105,1,105,58,13,Montana,1566.0,20.0,Low,Government,United States of America,30693.6,15033.599999999999,2014-10-01,31320.0,626.4,15660.0
106,1,106,59,25,Montana,690.0,12.0,Low,Channel Partners,Mexico,8114.4,6044.4,2014-11-01,8280.0,165.6,2070.0
107,1,107,60,23,Montana,1660.0,125.0,Low,Enterprise,Mexico,203350.0,4150.0,2013-11-01,207500.0,4150.0,199200.0
108,2,108,61,15,Paseo,2363.0,15.0,Low,Midmarket,Canada,34736.1,11106.099999999999,2014-02-01,35445.0,708.9,23630.0
109,2,109,62,19,Paseo,918.0,300.0,Low,Small Business,France,269892.0,40392.0,2014-05-01,275400.0,5508.0,229500.0
110,2,110,63,24,Paseo,1728.0,300.0,Low,Small Business,Germany,508032.0,76032.0,2014-05-01,518400.0,10368.0,432000.0
111,2,111,64,14,Paseo,1142.0,12.0,Low,Channel Partners,United States of America,13429.92,10003.92,2014-06-01,13704.0,274.08,3426.0
112,2,112,65,23,Paseo,662.0,125.0,Low,Enterprise,Mexico,81095.0,1655.0,2014-06-01,82750.0,1655.0,79440.0
113,2,113,66,6,Paseo,1295.0,12.0,Low,Channel Partners,Canada,15229.2,11344.2,2014-10-01,15540.0,310.8,3885.0
114,2,114,67,20,Paseo,809.0,125.0,Low,Enterprise,Germany,99102.5,2022.5,2013-10-01,101125.0,2022.5,97080.0
115,2,115,68,23,Paseo,2145.0,125.0,Low,Enterprise,Mexico,262762.5,5362.5,2013-10-01,268125.0,5362.5,257400.0
116,2,116,69,21,Paseo,1785.0,12.0,Low,Channel Partners,France,20991.6,15636.599999999999,2013-11-01,21420.0,428.4,5355.0
117,2,117,70,18,Paseo,1916.0,300.0,Low,Small Business,Canada,563304.0,84304.0,2014-12-01,574800.0,11496.0,479000.0
118,2,118,71,1,Paseo,2852.0,350.0,Low,Government,Canada,978236.0,236716.0,2014-12-01,998200.0,19964.0,741520.0
119,2,119,72,9,Paseo,2729.0,125.0,Low,Enterprise,Canada,334302.5,6822.5,2014-12-01,341125.0,6822.5,327480.0
120,2,120,73,11,Paseo,1925.0,15.0,Low,Midmarket,United States of America,28297.5,9047.5,2013-12-01,28875.0,577.5,19250.0
121,2,121,74,13,Paseo,2013.0,7.0,Low,Government,United States of America,13809.18,3744.1800000000003,2013-12-01,14091.0,281.82,10065.0
122,2,122,75,21,Paseo,1055.0,12.0,Low,Channel Partners,France,12406.8,9241.8,2014-12-01,12660.0,253.2,3165.0
123,2,123,76,25,Paseo,1084.0,12.0,Low,Channel Partners,Mexico,12747.84,9495.84,2014-12-01,13008.0,260.16,3252.0
124,3,124,77,13,Velo,1566.0,20.0,Low,Government,United States of America,30693.6,15033.599999999999,2014-10-01,31320.0,626.4,15660.0
125,3,125,78,2,Velo,2966.0,350.0,Low,Government,Germany,1017338.0,246178.0,2013-10-01,1038100.0,20762.0,771160.0
126,3,126,79,2,Velo,2877.0,350.0,Low,Government,Germany,986811.0,238791.0,2014-10-01,1006950.0,20139.0,748020.0
127,3,127,80,20,Velo,809.0,125.0,Low,Enterprise,Germany,99102.5,2022.5,2013-10-01,101125.0,2022.5,97080.0
128,3,128,81,23,Velo,2145.0,125.0,Low,Enterprise,Mexico,262762.5,5362.5,2013-10-01,268125.0,5362.5,257400.0
129,3,129,82,21,Velo,1055.0,12.0,Low,Channel Partners,France,12406.8,9241.8,2014-12-01,12660.0,253.2,3165.0
130,3,130,83,12,Velo,544.0,20.0,Low,Government,Mexico,10662.4,5222.4,2013-12-01,10880.0,217.6,5440.0
131,3,131,84,25,Velo,1084.0,12.0,Low,Channel Partners,Mexico,12747.84,9495.84,2014-12-01,13008.0,260.16,3252.0
132,4,132,85,23,VTT,662.0,125.0,Low,Enterprise,Mexico,81095.0,1655.0,2014-06-01,82750.0,1655.0,79440.0
133,4,133,86,24,VTT,214.0,300.0,Low,Small Business,Germany,62916.0,9416.0,2013-10-01,64200.0,1284.0,53500.0
134,4,134,87,2,VTT,2877.0,350.0,Low,Government,Germany,986811.0,238791.0,2014-10-01,1006950.0,20139.0,748020.0
135,4,135,88,9,VTT,2729.0,125.0,Low,Enterprise,Canada,334302.5,6822.5,2014-12-01,341125.0,6822.5,327480.0
136,4,136,89,13,VTT,266.0,350.0,Low,Government,United States of America,91238.0,22078.0,2013-12-01,93100.0,1862.0,69160.0
137,4,137,90,12,VTT,1940.0,350.0,Low,Government,Mexico,665420.0,161020.0,2013-12-01,679000.0,13580.0,504400.0
138,5,138,91,24,Amarilla,259.0,300.0,Low,Small Business,Germany,76146.0,11396.0,2014-03-01,77700.0,1554.0,64750.0
139,5,139,92,10,Amarilla,1101.0,300.0,Low,Small Business,Mexico,323694.0,48444.0,2014-03-01,330300.0,6606.0,275250.0
140,5,140,93,20,Amarilla,2276.0,125.0,Low,Enterprise,Germany,278810.0,5690.0,2014-05-01,284500.0,5690.0,273120.0
141,5,141,94,2,Amarilla,2966.0,350.0,Low,Government,Germany,1017338.0,246178.0,2013-10-01,1038100.0,20762.0,771160.0
142,5,142,95,13,Amarilla,1236.0,20.0,Low,Government,United States of America,24225.6,11865.599999999999,2014-11-01,24720.0,494.4,12360.0
143,5,143,96,7,Amarilla,941.0,20.0,Low,Government,France,18443.6,9033.599999999999,2014-11-01,18820.0,376.4,9410.0
144,5,144,97,18,Amarilla,1916.0,300.0,Low,Small Business,Canada,563304.0,84304.0,2014-12-01,574800.0,11496.0,479000.0
145,0,145,98,16,Carretera,4243.5,125.0,Low,Enterprise,France,514524.375,5304.375,2014-04-01,530437.5,15913.125,509220.0
146,0,146,99,2,Carretera,2580.0,20.0,Low,Government,Germany,50052.0,24252.0,2014-04-01,51600.0,1548.0,25800.0
147,0,147,100,24,Carretera,689.0,300.0,Low,Small Business,Germany,200499.0,28249.0,2014-06-01,206700.0,6201.0,172250.0
148,0,148,101,14,Carretera,1947.0,12.0,Low,Channel Partners,United States of America,22663.08,16822.08,2014-09-01,23364.0,700.92,5841.0
149,0,149,102,6,Carretera,908.0,12.0,Low,Channel Partners,Canada,10569.12,7845.120000000001,2013-12-01,10896.0,326.88,2724.0
150,1,150,103,2,Montana,1958.0,7.0,Low,Government,Germany,13294.82,3504.8199999999997,2014-02-01,13706.0,411.18,9790.0
151,1,151,104,21,Montana,1901.0,12.0,Low,Channel Partners,France,22127.64,16424.64,2014-06-01,22812.0,684.36,5703.0
152,1,152,105,7,Montana,544.0,7.0,Low,Government,France,3693.76,973.7600000000002,2014-09-01,3808.0,114.24,2720.0
153,1,153,106,2,Montana,1797.0,350.0,Low,Government,Germany,610081.5,142861.5,2013-09-01,628950.0,18868.5,467220.0
154,1,154,107,16,Montana,1287.0,125.0,Low,Enterprise,France,156048.75,1608.75,2014-12-01,160875.0,4826.25,154440.0
155,1,155,108,20,Montana,1706.0,125.0,Low,Enterprise,Germany,206852.5,2132.5,2014-12-01,213250.0,6397.5,204720.0
156,2,156,109,19,Paseo,2434.5,300.0,Low,Small Business,France,708439.5,99814.5,2014-01-01,730350.0,21910.5,608625.0
157,2,157,110,9,Paseo,1774.0,125.0,Low,Enterprise,Canada,215097.5,2217.5,2014-03-01,221750.0,6652.5,212880.0
158,2,158,111,21,Paseo,1901.0,12.0,Low,Channel Partners,France,22127.64,16424.64,2014-06-01,22812.0,684.36,5703.0
159,2,159,112,24,Paseo,689.0,300.0,Low,Small Business,Germany,200499.0,28249.0,2014-06-01,206700.0,6201.0,172250.0
160,2,160,113,20,Paseo,1570.0,125.0,Low,Enterprise,Germany,190362.5,1962.5,2014-06-01,196250.0,5887.5,188400.0
161,2,161,114,14,Paseo,1369.5,12.0,Low,Channel Partners,United States of America,15940.98,11832.48,2014-07-01,16434.0,493.02,4108.5
162,2,162,115,9,Paseo,2009.0,125.0,Low,Enterprise,Canada,243591.25,2511.25,2014-10-01,251125.0,7533.75,241080.0
163,2,163,116,4,Paseo,1945.0,15.0,Low,Midmarket,Germany,28299.75,8849.75,2013-10-01,29175.0,875.25,19450.0
164,2,164,117,16,Paseo,1287.0,125.0,Low,Enterprise,France,156048.75,1608.75,2014-12-01,160875.0,4826.25,154440.0
165,2,165,118,20,Paseo,1706.0,125.0,Low,Enterprise,Germany,206852.5,2132.5,2014-12-01,213250.0,6397.5,204720.0
166,3,166,119,9,Velo,2009.0,125.0,Low,Enterprise,Canada,243591.25,2511.25,2014-10-01,251125.0,7533.75,241080.0
167,4,167,120,22,VTT,2844.0,300.0,Low,Small Business,United States of America,827604.0,116604.0,2014-02-01,853200.0,25596.0,711000.0
168,4,168,121,25,VTT,1916.0,12.0,Low,Channel Partners,Mexico,22302.24,16554.24,2014-04-01,22992.0,689.76,5748.0
169,4,169,122,20,VTT,1570.0,125.0,Low,Enterprise,Germany,190362.5,1962.5,2014-06-01,196250.0,5887.5,188400.0
170,4,170,123,18,VTT,1874.0,300.0,Low,Small Business,Canada,545334.0,76834.0,2014-08-01,562200.0,16866.0,468500.0
171,4,171,124,12,VTT,1642.0,350.0,Low,Government,Mexico,557459.0,130539.0,2014-08-01,574700.0,17241.0,426920.0
172,4,172,125,4,VTT,1945.0,15.0,Low,Midmarket,Germany,28299.75,8849.75,2013-10-01,29175.0,875.25,19450.0
173,0,173,126,1,Carretera,831.0,20.0,Low,Government,Canada,16121.4,7811.4,2014-05-01,16620.0,498.6,8310.0
174,2,174,127,12,Paseo,1760.0,7.0,Low,Government,Mexico,11950.4,3150.3999999999996,2013-09-01,12320.0,369.6,8800.0
175,3,175,128,1,Velo,3850.5,20.0,Low,Government,Canada,74699.70000000001,36194.700000000004,2014-04-01,77010.0,2310.3,38505.0
176,4,176,129,8,VTT,2479.0,12.0,Low,Channel Partners,Germany,28855.56,21418.56,2014-01-01,29748.0,892.44,7437.0
177,1,177,130,5,Montana,2031.0,15.0,Low,Midmarket,Mexico,29246.4,8936.400000000001,2014-10-01,30465.0,1218.6,20310.0
178,2,178,131,5,Paseo,2031.0,15.0,Low,Midmarket,Mexico,29246.4,8936.400000000001,2014-10-01,30465.0,1218.6,20310.0
179,2,179,132,3,Paseo,2261.0,15.0,Low,Midmarket,France,32558.4,9948.400000000001,2013-12-01,33915.0,1356.6,22610.0
180,3,180,133,13,Velo,736.0,20.0,Low,Government,United States of America,14131.2,6771.200000000001,2013-09-01,14720.0,588.8,7360.0
181,0,181,134,1,Carretera,2851.0,7.0,Low,Government,Canada,19158.72,4903.720000000001,2013-10-01,19957.0,798.28,14255.0
182,0,182,135,24,Carretera,2021.0,300.0,Low,Small Business,Germany,582048.0,76798.0,2014-10-01,606300.0,24252.0,505250.0
183,0,183,136,13,Carretera,274.0,350.0,Low,Government,United States of America,92064.0,20824.0,2014-12-01,95900.0,3836.0,71240.0
184,1,184,137,15,Montana,1967.0,15.0,Low,Midmarket,Canada,28324.8,8654.8,2014-03-01,29505.0,1180.2,19670.0
185,1,185,138,24,Montana,1859.0,300.0,Low,Small Business,Germany,535392.0,70642.0,2014-08-01,557700.0,22308.0,464750.0
186,1,186,139,1,Montana,2851.0,7.0,Low,Government,Canada,19158.72,4903.720000000001,2013-10-01,19957.0,798.28,14255.0
187,1,187,140,24,Montana,2021.0,300.0,Low,Small Business,Germany,582048.0,76798.0,2014-10-01,606300.0,24252.0,505250.0
188,1,188,141,23,Montana,1138.0,125.0,Low,Enterprise,Mexico,136560.0,0.0,2014-12-01,142250.0,5690.0,136560.0
189,2,189,142,1,Paseo,4251.0,7.0,Low,Government,Canada,28566.72,7311.719999999999,2014-01-01,29757.0,1190.28,21255.0
190,2,190,143,20,Paseo,795.0,125.0,Low,Enterprise,Germany,95400.0,0.0,2014-03-01,99375.0,3975.0,95400.0
191,2,191,144,24,Paseo,1414.5,300.0,Low,Small Business,Germany,407376.0,53751.0,2014-04-01,424350.0,16974.0,353625.0
192,2,192,145,22,Paseo,2918.0,300.0,Low,Small Business,United States of America,840384.0,110884.0,2014-05-01,875400.0,35016.0,729500.0
193,2,193,146,13,Paseo,3450.0,350.0,Low,Government,United States of America,1159200.0,262200.0,2014-07-01,1207500.0,48300.0,897000.0
194,2,194,147,16,Paseo,2988.0,125.0,Low,Enterprise,France,358560.0,0.0,2014-07-01,373500.0,14940.0,358560.0
195,2,195,148,15,Paseo,218.0,15.0,Low,Midmarket,Canada,3139.2,959.1999999999998,2014-09-01,3270.0,130.8,2180.0
196,2,196,149,1,Paseo,2074.0,20.0,Low,Government,Canada,39820.8,19080.800000000003,2014-09-01,41480.0,1659.2,20740.0
197,2,197,150,13,Paseo,1056.0,20.0,Low,Government,United States of America,20275.2,9715.2,2014-09-01,21120.0,844.8,10560.0
198,2,198,151,11,Paseo,671.0,15.0,Low,Midmarket,United States of America,9662.4,2952.3999999999996,2013-10-01,10065.0,402.6,6710.0
199,2,75,152,5,Paseo,1514.0,15.0,Low,Midmarket,Mexico,21801.6,6661.5999999999985,2013-10-01,22710.0,908.4,15140.0
200,2,199,153,13,Paseo,274.0,350.0,Low,Government,United States of America,92064.0,20824.0,2014-12-01,95900.0,3836.0,71240.0
201,2,200,154,23,Paseo,1138.0,125.0,Low,Enterprise,Mexico,136560.0,0.0,2014-12-01,142250.0,5690.0,136560.0
202,3,201,155,14,Velo,1465.0,12.0,Low,Channel Partners,United States of America,16876.8,12481.8,2014-03-01,17580.0,703.2,4395.0
203,3,202,156,1,Velo,2646.0,20.0,Low,Government,Canada,50803.2,24343.199999999997,2013-09-01,52920.0,2116.8,26460.0
204,3,203,157,7,Velo,2177.0,350.0,Low,Government,France,731472.0,165452.0,2014-10-01,761950.0,30478.0,566020.0
205,4,204,158,21,VTT,866.0,12.0,Low,Channel Partners,France,9976.32,7378.32,2014-05-01,10392.0,415.68,2598.0
206,4,205,159,13,VTT,349.0,350.0,Low,Government,United States of America,117264.0,26524.0,2013-09-01,122150.0,4886.0,90740.0
207,4,206,160,7,VTT,2177.0,350.0,Low,Government,France,731472.0,165452.0,2014-10-01,761950.0,30478.0,566020.0
208,4,207,161,5,VTT,1514.0,15.0,Low,Midmarket,Mexico,21801.6,6661.5999999999985,2013-10-01,22710.0,908.4,15140.0
209,5,208,162,12,Amarilla,1865.0,350.0,Low,Government,Mexico,626640.0,141740.0,2014-02-01,652750.0,26110.0,484900.0
210,5,209,163,23,Amarilla,1074.0,125.0,Low,Enterprise,Mexico,128880.0,0.0,2014-04-01,134250.0,5370.0,128880.0
211,5,210,164,2,Amarilla,1907.0,350.0,Low,Government,Germany,640752.0,144932.0,2014-09-01,667450.0,26698.0,495820.0
212,5,211,165,11,Amarilla,671.0,15.0,Low,Midmarket,United States of America,9662.4,2952.3999999999996,2013-10-01,10065.0,402.6,6710.0
213,5,212,166,1,Amarilla,1778.0,350.0,Low,Government,Canada,597408.0,135128.0,2013-12-01,622300.0,24892.0,462280.0
214,1,213,167,2,Montana,1159.0,7.0,Medium,Government,Germany,7707.35,1912.3500000000004,2013-10-01,8113.0,405.65,5795.0
215,2,214,168,2,Paseo,1372.0,7.0,Medium,Government,Germany,9123.8,2263.7999999999993,2014-01-01,9604.0,480.2,6860.0
216,2,215,169,1,Paseo,2349.0,7.0,Medium,Government,Canada,15620.85,3875.8500000000004,2013-09-01,16443.0,822.15,11745.0
217,2,216,170,12,Paseo,2689.0,7.0,Medium,Government,Mexico,17881.85,4436.8499999999985,2014-10-01,18823.0,941.15,13445.0
218,2,217,171,6,Paseo,2431.0,12.0,Medium,Channel Partners,Canada,27713.4,20420.4,2014-12-01,29172.0,1458.6,7293.0
219,3,218,172,6,Velo,2431.0,12.0,Medium,Channel Partners,Canada,27713.4,20420.4,2014-12-01,29172.0,1458.6,7293.0
220,4,219,173,12,VTT,2689.0,7.0,Medium,Government,Mexico,17881.85,4436.8499999999985,2014-10-01,18823.0,941.15,13445.0
221,5,220,174,12,Amarilla,1683.0,7.0,Medium,Government,Mexico,11191.95,2776.9500000000007,2014-07-01,11781.0,589.05,8415.0
222,5,221,175,25,Amarilla,1123.0,12.0,Medium,Channel Partners,Mexico,12802.2,9433.2,2014-08-01,13476.0,673.8,3369.0
223,5,222,176,2,Amarilla,1159.0,7.0,Medium,Government,Germany,7707.35,1912.3500000000004,2013-10-01,8113.0,405.65,5795.0
224,0,223,177,21,Carretera,1865.0,12.0,Medium,Channel Partners,France,21261.0,15666.0,2014-02-01,22380.0,1119.0,5595.0
225,0,224,178,8,Carretera,1116.0,12.0,Medium,Channel Partners,Germany,12722.4,9374.4,2014-02-01,13392.0,669.6,3348.0
226,0,225,179,7,Carretera,1563.0,20.0,Medium,Government,France,29697.0,14067.0,2014-05-01,31260.0,1563.0,15630.0
227,0,226,180,22,Carretera,991.0,300.0,Medium,Small Business,United States of America,282435.0,34685.0,2014-06-01,297300.0,14865.0,247750.0
228,0,227,181,2,Carretera,1016.0,7.0,Medium,Government,Germany,6756.4,1676.3999999999996,2013-11-01,7112.0,355.6,5080.0
229,0,228,182,5,Carretera,2791.0,15.0,Medium,Midmarket,Mexico,39771.75,11861.75,2014-11-01,41865.0,2093.25,27910.0
230,0,229,183,13,Carretera,570.0,7.0,Medium,Government,United States of America,3790.5,940.5,2014-12-01,3990.0,199.5,2850.0
231,0,230,184,7,Carretera,2487.0,7.0,Medium,Government,France,16538.55,4103.549999999999,2014-12-01,17409.0,870.45,12435.0
232,1,231,185,7,Montana,1384.5,350.0,Medium,Government,France,460346.25,100376.25,2014-01-01,484575.0,24228.75,359970.0
233,1,232,186,17,Montana,3627.0,125.0,Medium,Enterprise,United States of America,430706.25,-4533.75,2014-07-01,453375.0,22668.75,435240.0
234,1,233,187,12,Montana,720.0,350.0,Medium,Government,Mexico,239400.0,52200.0,2013-09-01,252000.0,12600.0,187200.0
235,1,234,188,8,Montana,2342.0,12.0,Medium,Channel Partners,Germany,26698.8,19672.8,2014-11-01,28104.0,1405.2,7026.0
236,1,235,189,10,Montana,1100.0,300.0,Medium,Small Business,Mexico,313500.0,38500.0,2013-12-01,330000.0,16500.0,275000.0
237,2,236,190,7,Paseo,1303.0,20.0,Medium,Government,France,24757.0,11727.0,2014-02-01,26060.0,1303.0,13030.0
238,2,237,191,17,Paseo,2992.0,125.0,Medium,Enterprise,United States of America,355300.0,-3740.0,2014-03-01,374000.0,18700.0,359040.0
239,2,238,192,16,Paseo,2385.0,125.0,Medium,Enterprise,France,283218.75,-2981.25,2014-03-01,298125.0,14906.25,286200.0
240,2,239,193,10,Paseo,1607.0,300.0,Medium,Small Business,Mexico,457995.0,56245.0,2014-04-01,482100.0,24105.0,401750.0
241,2,240,194,13,Paseo,2327.0,7.0,Medium,Government,United States of America,15474.55,3839.5499999999993,2014-05-01,16289.0,814.45,11635.0
242,2,241,195,22,Paseo,991.0,300.0,Medium,Small Business,United States of America,282435.0,34685.0,2014-06-01,297300.0,14865.0,247750.0
243,2,242,196,13,Paseo,602.0,350.0,Medium,Government,United States of America,200165.0,43645.0,2014-06-01,210700.0,10535.0,156520.0
244,2,243,197,3,Paseo,2620.0,15.0,Medium,Midmarket,France,37335.0,11135.0,2014-09-01,39300.0,1965.0,26200.0
245,2,244,198,1,Paseo,1228.0,350.0,Medium,Government,Canada,408310.0,89030.0,2013-10-01,429800.0,21490.0,319280.0
246,2,245,199,1,Paseo,1389.0,20.0,Medium,Government,Canada,26391.0,12501.0,2013-10-01,27780.0,1389.0,13890.0
247,2,246,200,17,Paseo,861.0,125.0,Medium,Enterprise,United States of America,102243.75,-1076.25,2014-10-01,107625.0,5381.25,103320.0
248,2,247,201,16,Paseo,704.0,125.0,Medium,Enterprise,France,83600.0,-880.0,2013-10-01,88000.0,4400.0,84480.0
249,2,248,202,1,Paseo,1802.0,20.0,Medium,Government,Canada,34238.0,16218.0,2013-12-01,36040.0,1802.0,18020.0
250,2,249,203,13,Paseo,2663.0,20.0,Medium,Government,United States of America,50597.0,23967.0,2014-12-01,53260.0,2663.0,26630.0
251,2,250,204,7,Paseo,2136.0,7.0,Medium,Government,France,14204.4,3524.3999999999996,2013-12-01,14952.0,747.6,10680.0
252,2,251,205,4,Paseo,2116.0,15.0,Medium,Midmarket,Germany,30153.0,8993.0,2013-12-01,31740.0,1587.0,21160.0
253,3,252,206,11,Velo,555.0,15.0,Medium,Midmarket,United States of America,7908.75,2358.75,2014-01-01,8325.0,416.25,5550.0
254,3,253,207,5,Velo,2861.0,15.0,Medium,Midmarket,Mexico,40769.25,12159.25,2014-01-01,42915.0,2145.75,28610.0
255,3,254,208,20,Velo,807.0,125.0,Medium,Enterprise,Germany,95831.25,-1008.75,2014-02-01,100875.0,5043.75,96840.0
256,3,255,209,13,Velo,602.0,350.0,Medium,Government,United States of America,200165.0,43645.0,2014-06-01,210700.0,10535.0,156520.0
257,3,256,210,13,Velo,2832.0,20.0,Medium,Government,United States of America,53808.0,25488.0,2014-08-01,56640.0,2832.0,28320.0
258,3,257,211,7,Velo,1579.0,20.0,Medium,Government,France,30001.0,14211.0,2014-08-01,31580.0,1579.0,15790.0
259,3,258,212,17,Velo,861.0,125.0,Medium,Enterprise,United States of America,102243.75,-1076.25,2014-10-01,107625.0,5381.25,103320.0
260,3,259,213,16,Velo,704.0,125.0,Medium,Enterprise,France,83600.0,-880.0,2013-10-01,88000.0,4400.0,84480.0
261,3,260,214,7,Velo,1033.0,20.0,Medium,Government,France,19627.0,9297.0,2013-12-01,20660.0,1033.0,10330.0
262,3,261,215,24,Velo,1250.0,300.0,Medium,Small Business,Germany,356250.0,43750.0,2014-12-01,375000.0,18750.0,312500.0
263,4,262,216,1,VTT,1389.0,20.0,Medium,Government,Canada,26391.0,12501.0,2013-10-01,27780.0,1389.0,13890.0
264,4,263,217,13,VTT,1265.0,20.0,Medium,Government,United States of America,24035.0,11385.0,2013-11-01,25300.0,1265.0,12650.0
265,4,264,218,2,VTT,2297.0,20.0,Medium,Government,Germany,43643.0,20673.0,2013-11-01,45940.0,2297.0,22970.0
266,4,265,219,13,VTT,2663.0,20.0,Medium,Government,United States of America,50597.0,23967.0,2014-12-01,53260.0,2663.0,26630.0
267,4,266,220,13,VTT,570.0,7.0,Medium,Government,United States of America,3790.5,940.5,2014-12-01,3990.0,199.5,2850.0
268,4,267,221,7,VTT,2487.0,7.0,Medium,Government,France,16538.55,4103.549999999999,2014-12-01,17409.0,870.45,12435.0
269,5,268,222,2,Amarilla,1350.0,350.0,Medium,Government,Germany,448875.0,97875.0,2014-02-01,472500.0,23625.0,351000.0
270,5,269,223,1,Amarilla,552.0,350.0,Medium,Government,Canada,183540.0,40020.0,2014-08-01,193200.0,9660.0,143520.0
271,5,270,224,1,Amarilla,1228.0,350.0,Medium,Government,Canada,408310.0,89030.0,2013-10-01,429800.0,21490.0,319280.0
272,5,271,225,24,Amarilla,1250.0,300.0,Medium,Small Business,Germany,356250.0,43750.0,2014-12-01,375000.0,18750.0,312500.0
273,2,272,226,3,Paseo,3801.0,15.0,Medium,Midmarket,France,53594.100000000006,15584.100000000002,2014-04-01,57015.0,3420.8999999999996,38010.0
274,0,273,227,13,Carretera,1117.5,20.0,Medium,Government,United States of America,21009.0,9834.0,2014-01-01,22350.0,1341.0,11175.0
275,0,274,228,15,Carretera,2844.0,15.0,Medium,Midmarket,Canada,40100.4,11660.400000000001,2014-06-01,42660.0,2559.6,28440.0
276,0,275,229,25,Carretera,562.0,12.0,Medium,Channel Partners,Mexico,6339.36,4653.36,2014-09-01,6744.0,404.64,1686.0
277,0,276,230,6,Carretera,2299.0,12.0,Medium,Channel Partners,Canada,25932.72,19035.72,2013-10-01,27588.0,1655.28,6897.0
278,0,277,231,11,Carretera,2030.0,15.0,Medium,Midmarket,United States of America,28623.0,8323.0,2014-11-01,30450.0,1827.0,20300.0
279,0,278,232,13,Carretera,263.0,7.0,Medium,Government,United States of America,1730.54,415.53999999999996,2013-11-01,1841.0,110.46,1315.0
280,0,279,233,20,Carretera,887.0,125.0,Medium,Enterprise,Germany,104222.5,-2217.5,2013-12-01,110875.0,6652.5,106440.0
281,1,280,234,12,Montana,980.0,350.0,Medium,Government,Mexico,322420.0,67620.0,2014-04-01,343000.0,20580.0,254800.0
282,1,281,235,2,Montana,1460.0,350.0,Medium,Government,Germany,480340.0,100740.0,2014-05-01,511000.0,30660.0,379600.0
283,1,282,236,7,Montana,1403.0,7.0,Medium,Government,France,9231.74,2216.74,2013-10-01,9821.0,589.26,7015.0
284,1,283,237,14,Montana,2723.0,12.0,Medium,Channel Partners,United States of America,30715.44,22546.44,2014-11-01,32676.0,1960.56,8169.0
285,2,284,238,7,Paseo,1496.0,350.0,Medium,Government,France,492184.0,103224.0,2014-06-01,523600.0,31416.0,388960.0
286,2,285,239,6,Paseo,2299.0,12.0,Medium,Channel Partners,Canada,25932.72,19035.72,2013-10-01,27588.0,1655.28,6897.0
287,2,286,240,13,Paseo,727.0,350.0,Medium,Government,United States of America,239183.0,50163.0,2013-10-01,254450.0,15267.0,189020.0
288,3,287,241,9,Velo,952.0,125.0,Medium,Enterprise,Canada,111860.0,-2380.0,2014-02-01,119000.0,7140.0,114240.0
289,3,288,242,17,Velo,2755.0,125.0,Medium,Enterprise,United States of America,323712.5,-6887.5,2014-02-01,344375.0,20662.5,330600.0
290,3,289,243,4,Velo,1530.0,15.0,Medium,Midmarket,Germany,21573.0,6273.0,2014-05-01,22950.0,1377.0,15300.0
291,3,290,244,7,Velo,1496.0,350.0,Medium,Government,France,492184.0,103224.0,2014-06-01,523600.0,31416.0,388960.0
292,3,291,245,12,Velo,1498.0,7.0,Medium,Government,Mexico,9856.84,2366.84,2014-06-01,10486.0,629.16,7490.0
293,3,292,246,19,Velo,1221.0,300.0,Medium,Small Business,France,344322.0,39072.0,2013-10-01,366300.0,21978.0,305250.0
294,3,293,247,7,Velo,2076.0,350.0,Medium,Government,France,683004.0,143244.0,2013-10-01,726600.0,43596.0,539760.0
295,4,294,248,15,VTT,2844.0,15.0,Medium,Midmarket,Canada,40100.4,11660.400000000001,2014-06-01,42660.0,2559.6,28440.0
296,4,295,249,12,VTT,1498.0,7.0,Medium,Government,Mexico,9856.84,2366.84,2014-06-01,10486.0,629.16,7490.0
297,4,296,250,19,VTT,1221.0,300.0,Medium,Small Business,France,344322.0,39072.0,2013-10-01,366300.0,21978.0,305250.0
298,4,297,251,12,VTT,1123.0,20.0,Medium,Government,Mexico,21112.4,9882.400000000001,2013-11-01,22460.0,1347.6,11230.0
299,4,298,252,18,VTT,2436.0,300.0,Medium,Small Business,Canada,686952.0,77952.0,2013-12-01,730800.0,43848.0,609000.0
300,5,299,253,16,Amarilla,1987.5,125.0,Medium,Enterprise,France,233531.25,-4968.75,2014-01-01,248437.5,14906.25,238500.0
301,5,300,254,12,Amarilla,1679.0,350.0,Medium,Government,Mexico,552391.0,115851.0,2014-09-01,587650.0,35259.0,436540.0
302,5,301,255,13,Amarilla,727.0,350.0,Medium,Government,United States of America,239183.0,50163.0,2013-10-01,254450.0,15267.0,189020.0
303,5,302,256,7,Amarilla,1403.0,7.0,Medium,Government,France,9231.74,2216.74,2013-10-01,9821.0,589.26,7015.0
304,5,303,257,7,Amarilla,2076.0,350.0,Medium,Government,France,683004.0,143244.0,2013-10-01,726600.0,43596.0,539760.0
305,1,304,258,7,Montana,1757.0,20.0,Medium,Government,France,33031.6,15461.599999999999,2013-10-01,35140.0,2108.4,17570.0
306,2,305,259,11,Paseo,2198.0,15.0,Medium,Midmarket,United States of America,30991.8,9011.8,2014-08-01,32970.0,1978.2,21980.0
307,2,306,260,4,Paseo,1743.0,15.0,Medium,Midmarket,Germany,24576.3,7146.299999999999,2014-08-01,26145.0,1568.7,17430.0
308,2,307,261,11,Paseo,1153.0,15.0,Medium,Midmarket,United States of America,16257.3,4727.299999999999,2014-10-01,17295.0,1037.7,11530.0
309,2,308,262,7,Paseo,1757.0,20.0,Medium,Government,France,33031.6,15461.599999999999,2013-10-01,35140.0,2108.4,17570.0
310,3,309,263,2,Velo,1001.0,20.0,Medium,Government,Germany,18818.8,8808.8,2014-08-01,20020.0,1201.2,10010.0
311,3,310,264,12,Velo,1333.0,7.0,Medium,Government,Mexico,8771.14,2106.1399999999994,2014-11-01,9331.0,559.86,6665.0
312,4,311,265,11,VTT,1153.0,15.0,Medium,Midmarket,United States of America,16257.3,4727.299999999999,2014-10-01,17295.0,1037.7,11530.0
313,0,312,266,25,Carretera,727.0,12.0,Medium,Channel Partners,Mexico,8113.32,5932.32,2014-02-01,8724.0,610.68,2181.0
314,0,313,267,6,Carretera,1884.0,12.0,Medium,Channel Partners,Canada,21025.44,15373.439999999999,2014-08-01,22608.0,1582.56,5652.0
315,0,314,268,12,Carretera,1834.0,20.0,Medium,Government,Mexico,34112.4,15772.400000000001,2013-09-01,36680.0,2567.6,18340.0
316,1,315,269,25,Montana,2340.0,12.0,Medium,Channel Partners,Mexico,26114.4,19094.4,2014-01-01,28080.0,1965.6,7020.0
317,1,234,270,21,Montana,2342.0,12.0,Medium,Channel Partners,France,26136.72,19110.72,2014-11-01,28104.0,1967.28,7026.0
318,2,316,271,7,Paseo,1031.0,7.0,Medium,Government,France,6711.81,1556.8100000000004,2013-09-01,7217.0,505.19,5155.0
319,3,317,272,15,Velo,1262.0,15.0,Medium,Midmarket,Canada,17604.9,4984.9000000000015,2014-05-01,18930.0,1325.1,12620.0
320,3,318,273,1,Velo,1135.0,7.0,Medium,Government,Canada,7388.85,1713.8500000000004,2014-06-01,7945.0,556.15,5675.0
321,3,319,274,13,Velo,547.0,7.0,Medium,Government,United States of America,3560.9700000000003,825.9700000000003,2014-11-01,3829.0,268.03,2735.0
322,3,320,275,1,Velo,1582.0,7.0,Medium,Government,Canada,10298.82,2388.8199999999997,2014-12-01,11074.0,775.18,7910.0
323,4,321,276,21,VTT,1738.5,12.0,Medium,Channel Partners,France,19401.66,14186.16,2014-04-01,20862.0,1460.34,5215.5
324,4,322,277,8,VTT,2215.0,12.0,Medium,Channel Partners,Germany,24719.4,18074.4,2013-09-01,26580.0,1860.6,6645.0
325,4,323,278,1,VTT,1582.0,7.0,Medium,Government,Canada,10298.82,2388.8199999999997,2014-12-01,11074.0,775.18,7910.0
326,5,324,279,1,Amarilla,1135.0,7.0,Medium,Government,Canada,7388.85,1713.8500000000004,2014-06-01,7945.0,556.15,5675.0
327,0,325,280,13,Carretera,1761.0,350.0,Medium,Government,United States of America,573205.5,115345.5,2014-03-01,616350.0,43144.5,457860.0
328,0,326,281,19,Carretera,448.0,300.0,Medium,Small Business,France,124992.0,12992.0,2014-06-01,134400.0,9408.0,112000.0
329,0,327,282,19,Carretera,2181.0,300.0,Medium,Small Business,France,608499.0,63249.0,2014-10-01,654300.0,45801.0,545250.0
330,1,328,283,7,Montana,1976.0,20.0,Medium,Government,France,36753.6,16993.6,2014-10-01,39520.0,2766.4,19760.0
331,1,329,284,19,Montana,2181.0,300.0,Medium,Small Business,France,608499.0,63249.0,2014-10-01,654300.0,45801.0,545250.0
332,1,330,285,20,Montana,2500.0,125.0,Medium,Enterprise,Germany,290625.0,-9375.0,2013-11-01,312500.0,21875.0,300000.0
333,2,331,286,18,Paseo,1702.0,300.0,Medium,Small Business,Canada,474858.0,49358.0,2014-05-01,510600.0,35742.0,425500.0
334,2,332,287,19,Paseo,448.0,300.0,Medium,Small Business,France,124992.0,12992.0,2014-06-01,134400.0,9408.0,112000.0
335,2,333,288,20,Paseo,3513.0,125.0,Medium,Enterprise,Germany,408386.25,-13173.75,2014-07-01,439125.0,30738.75,421560.0
336,2,334,289,3,Paseo,2101.0,15.0,Medium,Midmarket,France,29308.95,8298.95,2014-08-01,31515.0,2206.05,21010.0
337,2,335,290,11,Paseo,2931.0,15.0,Medium,Midmarket,United States of America,40887.45,11577.449999999997,2013-09-01,43965.0,3077.55,29310.0
338,2,336,291,7,Paseo,1535.0,20.0,Medium,Government,France,28551.0,13201.0,2014-09-01,30700.0,2149.0,15350.0
339,2,337,292,24,Paseo,1123.0,300.0,Medium,Small Business,Germany,313317.0,32567.0,2013-09-01,336900.0,23583.0,280750.0
340,2,338,293,18,Paseo,1404.0,300.0,Medium,Small Business,Canada,391716.0,40716.0,2013-11-01,421200.0,29484.0,351000.0
341,2,339,294,25,Paseo,2763.0,12.0,Medium,Channel Partners,Mexico,30835.08,22546.08,2013-11-01,33156.0,2320.92,8289.0
342,2,340,295,2,Paseo,2125.0,7.0,Medium,Government,Germany,13833.75,3208.75,2013-12-01,14875.0,1041.25,10625.0
343,3,341,296,19,Velo,1659.0,300.0,Medium,Small Business,France,462861.0,48111.0,2014-07-01,497700.0,34839.0,414750.0
344,3,342,297,12,Velo,609.0,20.0,Medium,Government,Mexico,11327.4,5237.4,2014-08-01,12180.0,852.6,6090.0
345,3,343,298,20,Velo,2087.0,125.0,Medium,Enterprise,Germany,242613.75,-7826.25,2014-09-01,260875.0,18261.25,250440.0
346,3,344,299,7,Velo,1976.0,20.0,Medium,Government,France,36753.6,16993.6,2014-10-01,39520.0,2766.4,19760.0
347,3,345,300,13,Velo,1421.0,20.0,Medium,Government,United States of America,26430.6,12220.599999999999,2013-12-01,28420.0,1989.4,14210.0
348,3,346,301,22,Velo,1372.0,300.0,Medium,Small Business,United States of America,382788.0,39788.0,2014-12-01,411600.0,28812.0,343000.0
349,3,347,302,2,Velo,588.0,20.0,Medium,Government,Germany,10936.8,5056.799999999999,2013-12-01,11760.0,823.2,5880.0
350,4,348,303,6,VTT,3244.5,12.0,Medium,Channel Partners,Canada,36208.62,26475.120000000003,2014-01-01,38934.0,2725.38,9733.5
351,4,349,304,19,VTT,959.0,300.0,Medium,Small Business,France,267561.0,27811.0,2014-02-01,287700.0,20139.0,239750.0
352,4,350,305,10,VTT,2747.0,300.0,Medium,Small Business,Mexico,766413.0,79663.0,2014-02-01,824100.0,57687.0,686750.0
353,5,351,306,9,Amarilla,1645.0,125.0,Medium,Enterprise,Canada,191231.25,-6168.75,2014-05-01,205625.0,14393.75,197400.0
354,5,352,307,7,Amarilla,2876.0,350.0,Medium,Government,France,936138.0,188378.0,2014-09-01,1006600.0,70462.0,747760.0
355,5,353,308,20,Amarilla,994.0,125.0,Medium,Enterprise,Germany,115552.5,-3727.5,2013-09-01,124250.0,8697.5,119280.0
356,5,354,309,1,Amarilla,1118.0,20.0,Medium,Government,Canada,20794.8,9614.8,2014-11-01,22360.0,1565.2,11180.0
357,5,355,310,22,Amarilla,1372.0,300.0,Medium,Small Business,United States of America,382788.0,39788.0,2014-12-01,411600.0,28812.0,343000.0
358,1,356,311,1,Montana,488.0,7.0,Medium,Government,Canada,3142.7200000000003,702.7200000000003,2014-02-01,3416.0,273.28,2440.0
359,1,357,312,13,Montana,1282.0,20.0,Medium,Government,United States of America,23588.8,10768.8,2014-06-01,25640.0,2051.2,12820.0
360,2,358,313,1,Paseo,257.0,7.0,Medium,Government,Canada,1655.08,370.0799999999999,2014-05-01,1799.0,143.92,1285.0
361,5,359,314,13,Amarilla,1282.0,20.0,Medium,Government,United States of America,23588.8,10768.8,2014-06-01,25640.0,2051.2,12820.0
362,0,360,315,23,Carretera,1540.0,125.0,Medium,Enterprise,Mexico,177100.0,-7700.0,2014-08-01,192500.0,15400.0,184800.0
363,0,361,316,3,Carretera,490.0,15.0,Medium,Midmarket,France,6762.0,1862.0,2014-11-01,7350.0,588.0,4900.0
364,0,362,317,12,Carretera,1362.0,350.0,Medium,Government,Mexico,438564.0,84444.0,2014-12-01,476700.0,38136.0,354120.0
365,1,363,318,3,Montana,2501.0,15.0,Medium,Midmarket,France,34513.8,9503.800000000003,2014-03-01,37515.0,3001.2,25010.0
366,1,364,319,1,Montana,708.0,20.0,Medium,Government,Canada,13027.2,5947.200000000001,2014-06-01,14160.0,1132.8,7080.0
367,1,365,320,2,Montana,645.0,20.0,Medium,Government,Germany,11868.0,5418.0,2014-07-01,12900.0,1032.0,6450.0
368,1,366,321,19,Montana,1562.0,300.0,Medium,Small Business,France,431112.0,40612.0,2014-08-01,468600.0,37488.0,390500.0
369,1,367,322,18,Montana,1283.0,300.0,Medium,Small Business,Canada,354108.0,33358.0,2013-09-01,384900.0,30792.0,320750.0
370,1,368,323,4,Montana,711.0,15.0,Medium,Midmarket,Germany,9811.8,2701.7999999999993,2014-12-01,10665.0,853.2,7110.0
371,2,369,324,23,Paseo,1114.0,125.0,Medium,Enterprise,Mexico,128110.0,-5570.0,2014-03-01,139250.0,11140.0,133680.0
372,2,370,325,2,Paseo,1259.0,7.0,Medium,Government,Germany,8107.96,1812.96,2014-04-01,8813.0,705.04,6295.0
373,2,371,326,2,Paseo,1095.0,7.0,Medium,Government,Germany,7051.8,1576.8000000000002,2014-05-01,7665.0,613.2,5475.0
374,2,372,327,2,Paseo,1366.0,20.0,Medium,Government,Germany,25134.4,11474.400000000001,2014-06-01,27320.0,2185.6,13660.0
375,2,373,328,10,Paseo,2460.0,300.0,Medium,Small Business,Mexico,678960.0,63960.0,2014-06-01,738000.0,59040.0,615000.0
376,2,374,329,13,Paseo,678.0,7.0,Medium,Government,United States of America,4366.32,976.3199999999997,2014-08-01,4746.0,379.68,3390.0
377,2,375,330,2,Paseo,1598.0,7.0,Medium,Government,Germany,10291.12,2301.120000000001,2014-08-01,11186.0,894.88,7990.0
378,2,376,331,2,Paseo,2409.0,7.0,Medium,Government,Germany,15513.96,3468.959999999999,2013-09-01,16863.0,1349.04,12045.0
379,2,377,332,2,Paseo,1934.0,20.0,Medium,Government,Germany,35585.6,16245.599999999999,2014-09-01,38680.0,3094.4,19340.0
380,2,378,333,12,Paseo,2993.0,20.0,Medium,Government,Mexico,55071.2,25141.199999999997,2014-09-01,59860.0,4788.8,29930.0
381,2,379,334,2,Paseo,2146.0,350.0,Medium,Government,Germany,691012.0,133052.0,2013-11-01,751100.0,60088.0,557960.0
382,2,380,335,12,Paseo,1946.0,7.0,Medium,Government,Mexico,12532.24,2802.24,2013-12-01,13622.0,1089.76,9730.0
383,2,381,336,12,Paseo,1362.0,350.0,Medium,Government,Mexico,438564.0,84444.0,2014-12-01,476700.0,38136.0,354120.0
384,3,382,337,6,Velo,598.0,12.0,Medium,Channel Partners,Canada,6601.92,4807.92,2014-03-01,7176.0,574.08,1794.0
385,3,383,338,13,Velo,2907.0,7.0,Medium,Government,United States of America,18721.08,4186.080000000002,2014-06-01,20349.0,1627.92,14535.0
386,3,384,339,2,Velo,2338.0,7.0,Medium,Government,Germany,15056.72,3366.7199999999993,2014-06-01,16366.0,1309.28,11690.0
387,3,385,340,19,Velo,386.0,300.0,Medium,Small Business,France,106536.0,10036.0,2013-11-01,115800.0,9264.0,96500.0
388,3,386,341,10,Velo,635.0,300.0,Medium,Small Business,Mexico,175260.0,16510.0,2014-12-01,190500.0,15240.0,158750.0
389,4,387,342,7,VTT,574.5,350.0,Medium,Government,France,184989.0,35619.0,2014-04-01,201075.0,16086.0,149370.0
390,4,388,343,2,VTT,2338.0,7.0,Medium,Government,Germany,15056.72,3366.7199999999993,2014-06-01,16366.0,1309.28,11690.0
391,4,389,344,7,VTT,381.0,350.0,Medium,Government,France,122682.0,23622.0,2014-08-01,133350.0,10668.0,99060.0
392,4,390,345,2,VTT,422.0,350.0,Medium,Government,Germany,135884.0,26164.0,2014-08-01,147700.0,11816.0,109720.0
393,4,391,346,18,VTT,2134.0,300.0,Medium,Small Business,Canada,588984.0,55484.0,2014-09-01,640200.0,51216.0,533500.0
394,4,392,347,22,VTT,808.0,300.0,Medium,Small Business,United States of America,223008.0,21008.0,2013-12-01,242400.0,19392.0,202000.0
395,5,393,348,1,Amarilla,708.0,20.0,Medium,Government,Canada,13027.2,5947.200000000001,2014-06-01,14160.0,1132.8,7080.0
396,5,394,349,13,Amarilla,2907.0,7.0,Medium,Government,United States of America,18721.08,4186.080000000002,2014-06-01,20349.0,1627.92,14535.0
397,5,395,350,2,Amarilla,1366.0,20.0,Medium,Government,Germany,25134.4,11474.400000000001,2014-06-01,27320.0,2185.6,13660.0
398,5,396,351,10,Amarilla,2460.0,300.0,Medium,Small Business,Mexico,678960.0,63960.0,2014-06-01,738000.0,59040.0,615000.0
399,5,397,352,2,Amarilla,1520.0,20.0,Medium,Government,Germany,27968.0,12768.0,2014-11-01,30400.0,2432.0,15200.0
400,5,398,353,4,Amarilla,711.0,15.0,Medium,Midmarket,Germany,9811.8,2701.7999999999993,2014-12-01,10665.0,853.2,7110.0
401,5,399,354,25,Amarilla,1375.0,12.0,Medium,Channel Partners,Mexico,15180.0,11055.0,2013-12-01,16500.0,1320.0,4125.0
402,5,400,355,10,Amarilla,635.0,300.0,Medium,Small Business,Mexico,175260.0,16510.0,2014-12-01,190500.0,15240.0,158750.0
403,4,401,356,13,VTT,436.5,20.0,Medium,Government,United States of America,8031.599999999999,3666.5999999999995,2014-07-01,8730.0,698.4000000000001,4365.0
404,0,402,357,18,Carretera,1094.0,300.0,Medium,Small Business,Canada,298662.0,25162.0,2014-06-01,328200.0,29538.0,273500.0
405,0,403,358,25,Carretera,367.0,12.0,Medium,Channel Partners,Mexico,4007.64,2906.64,2013-10-01,4404.0,396.36,1101.0
406,1,404,359,18,Montana,3802.5,300.0,Medium,Small Business,Canada,1038082.5,87457.5,2014-04-01,1140750.0,102667.5,950625.0
407,1,405,360,7,Montana,1666.0,350.0,Medium,Government,France,530621.0,97461.0,2014-05-01,583100.0,52479.0,433160.0
408,1,406,361,19,Montana,322.0,300.0,Medium,Small Business,France,87906.0,7406.0,2013-09-01,96600.0,8694.0,80500.0
409,1,407,362,6,Montana,2321.0,12.0,Medium,Channel Partners,Canada,25345.32,18382.32,2014-11-01,27852.0,2506.68,6963.0
410,1,408,363,16,Montana,1857.0,125.0,Medium,Enterprise,France,211233.75,-11606.25,2013-11-01,232125.0,20891.25,222840.0
411,1,409,364,1,Montana,1611.0,7.0,Medium,Government,Canada,10262.07,2207.0699999999997,2013-12-01,11277.0,1014.93,8055.0
412,1,410,365,17,Montana,2797.0,125.0,Medium,Enterprise,United States of America,318158.75,-17481.25,2014-12-01,349625.0,31466.25,335640.0
413,1,411,366,24,Montana,334.0,300.0,Medium,Small Business,Germany,91182.0,7682.0,2013-12-01,100200.0,9018.0,83500.0
414,2,412,367,10,Paseo,2565.0,300.0,Medium,Small Business,Mexico,700245.0,58995.0,2014-01-01,769500.0,69255.0,641250.0
415,2,413,368,12,Paseo,2417.0,350.0,Medium,Government,Mexico,769814.5,141394.5,2014-01-01,845950.0,76135.5,628420.0
416,2,414,369,11,Paseo,3675.0,15.0,Medium,Midmarket,United States of America,50163.75,13413.75,2014-04-01,55125.0,4961.25,36750.0
417,2,415,370,18,Paseo,1094.0,300.0,Medium,Small Business,Canada,298662.0,25162.0,2014-06-01,328200.0,29538.0,273500.0
418,2,416,371,3,Paseo,1227.0,15.0,Medium,Midmarket,France,16748.55,4478.549999999999,2014-10-01,18405.0,1656.45,12270.0
419,2,417,372,25,Paseo,367.0,12.0,Medium,Channel Partners,Mexico,4007.64,2906.64,2013-10-01,4404.0,396.36,1101.0
420,2,418,373,19,Paseo,1324.0,300.0,Medium,Small Business,France,361452.0,30452.0,2014-11-01,397200.0,35748.0,331000.0
421,2,419,374,8,Paseo,1775.0,12.0,Medium,Channel Partners,Germany,19383.0,14058.0,2013-11-01,21300.0,1917.0,5325.0
422,2,420,375,17,Paseo,2797.0,125.0,Medium,Enterprise,United States of America,318158.75,-17481.25,2014-12-01,349625.0,31466.25,335640.0
423,3,421,376,5,Velo,245.0,15.0,Medium,Midmarket,Mexico,3344.25,894.25,2014-05-01,3675.0,330.75,2450.0
424,3,422,377,18,Velo,3793.5,300.0,Medium,Small Business,Canada,1035625.5,87250.5,2014-07-01,1138050.0,102424.5,948375.0
425,3,423,378,2,Velo,1307.0,350.0,Medium,Government,Germany,416279.5,76459.5,2014-07-01,457450.0,41170.5,339820.0
426,3,424,379,9,Velo,567.0,125.0,Medium,Enterprise,Canada,64496.25,-3543.75,2014-09-01,70875.0,6378.75,68040.0
427,3,425,380,23,Velo,2110.0,125.0,Medium,Enterprise,Mexico,240012.5,-13187.5,2014-09-01,263750.0,23737.5,253200.0
428,3,426,381,1,Velo,1269.0,350.0,Medium,Government,Canada,404176.5,74236.5,2014-10-01,444150.0,39973.5,329940.0
429,4,427,382,14,VTT,1956.0,12.0,Medium,Channel Partners,United States of America,21359.52,15491.52,2014-01-01,23472.0,2112.48,5868.0
430,4,428,383,24,VTT,2659.0,300.0,Medium,Small Business,Germany,725907.0,61157.0,2014-02-01,797700.0,71793.0,664750.0
431,4,429,384,13,VTT,1351.5,350.0,Medium,Government,United States of America,430452.75,79062.75,2014-04-01,473025.0,42572.25,351390.0
432,4,430,385,8,VTT,880.0,12.0,Medium,Channel Partners,Germany,9609.6,6969.6,2014-05-01,10560.0,950.4,2640.0
433,4,431,386,22,VTT,1867.0,300.0,Medium,Small Business,United States of America,509691.0,42941.0,2014-09-01,560100.0,50409.0,466750.0
434,4,432,387,21,VTT,2234.0,12.0,Medium,Channel Partners,France,24395.28,17693.28,2013-09-01,26808.0,2412.72,6702.0
435,4,433,388,3,VTT,1227.0,15.0,Medium,Midmarket,France,16748.55,4478.549999999999,2014-10-01,18405.0,1656.45,12270.0
436,4,434,389,23,VTT,877.0,125.0,Medium,Enterprise,Mexico,99758.75,-5481.25,2014-11-01,109625.0,9866.25,105240.0
437,5,435,390,13,Amarilla,2071.0,350.0,Medium,Government,United States of America,659613.5,121153.5,2014-09-01,724850.0,65236.5,538460.0
438,5,436,391,1,Amarilla,1269.0,350.0,Medium,Government,Canada,404176.5,74236.5,2014-10-01,444150.0,39973.5,329940.0
439,5,437,392,4,Amarilla,970.0,15.0,Medium,Midmarket,Germany,13240.5,3540.5,2013-11-01,14550.0,1309.5,9700.0
440,5,438,393,12,Amarilla,1694.0,20.0,Medium,Government,Mexico,30830.8,13890.8,2014-11-01,33880.0,3049.2,16940.0
441,0,439,394,2,Carretera,663.0,20.0,Medium,Government,Germany,12066.6,5436.6,2014-05-01,13260.0,1193.4,6630.0
442,0,440,395,1,Carretera,819.0,7.0,Medium,Government,Canada,5217.03,1122.03,2014-07-01,5733.0,515.97,4095.0
443,0,441,396,8,Carretera,1580.0,12.0,Medium,Channel Partners,Germany,17253.6,12513.599999999999,2014-09-01,18960.0,1706.4,4740.0
444,0,442,397,12,Carretera,521.0,7.0,Medium,Government,Mexico,3318.77,713.77,2014-12-01,3647.0,328.23,2605.0
445,2,443,398,13,Paseo,973.0,20.0,Medium,Government,United States of America,17708.6,7978.5999999999985,2014-03-01,19460.0,1751.4,9730.0
446,2,444,399,12,Paseo,1038.0,20.0,Medium,Government,Mexico,18891.6,8511.599999999999,2014-06-01,20760.0,1868.4,10380.0
447,2,445,400,2,Paseo,360.0,7.0,Medium,Government,Germany,2293.2,493.1999999999998,2014-10-01,2520.0,226.8,1800.0
448,3,446,401,21,Velo,1967.0,12.0,Medium,Channel Partners,France,21479.64,15578.64,2014-03-01,23604.0,2124.36,5901.0
449,3,447,402,5,Velo,2628.0,15.0,Medium,Midmarket,Mexico,35872.2,9592.199999999997,2014-04-01,39420.0,3547.8,26280.0
450,4,448,403,2,VTT,360.0,7.0,Medium,Government,Germany,2293.2,493.1999999999998,2014-10-01,2520.0,226.8,1800.0
451,4,449,404,7,VTT,2682.0,20.0,Medium,Government,France,48812.4,21992.4,2013-11-01,53640.0,4827.6,26820.0
452,4,450,405,12,VTT,521.0,7.0,Medium,Government,Mexico,3318.77,713.77,2014-12-01,3647.0,328.23,2605.0
453,5,451,406,12,Amarilla,1038.0,20.0,Medium,Government,Mexico,18891.6,8511.599999999999,2014-06-01,20760.0,1868.4,10380.0
454,5,452,407,15,Amarilla,1630.5,15.0,Medium,Midmarket,Canada,22256.324999999997,5951.324999999999,2014-07-01,24457.5,2201.175,16305.0
455,5,453,408,21,Amarilla,306.0,12.0,Medium,Channel Partners,France,3341.52,2423.52,2013-12-01,3672.0,330.48,918.0
456,0,454,409,14,Carretera,386.0,12.0,High,Channel Partners,United States of America,4168.8,3010.8,2013-10-01,4632.0,463.2,1158.0
457,1,455,410,13,Montana,2328.0,7.0,High,Government,United States of America,14666.4,3026.3999999999996,2014-09-01,16296.0,1629.6,11640.0
458,2,456,411,14,Paseo,386.0,12.0,High,Channel Partners,United States of America,4168.8,3010.8,2013-10-01,4632.0,463.2,1158.0
459,0,457,412,17,Carretera,3445.5,125.0,High,Enterprise,United States of America,387618.75,-25841.25,2014-04-01,430687.5,43068.75,413460.0
460,0,458,413,16,Carretera,1482.0,125.0,High,Enterprise,France,166725.0,-11115.0,2013-12-01,185250.0,18525.0,177840.0
461,1,459,414,13,Montana,2313.0,350.0,High,Government,United States of America,728595.0,127215.0,2014-05-01,809550.0,80955.0,601380.0
462,1,460,415,17,Montana,1804.0,125.0,High,Enterprise,United States of America,202950.0,-13530.0,2013-11-01,225500.0,22550.0,216480.0
463,1,461,416,3,Montana,2072.0,15.0,High,Midmarket,France,27972.0,7252.0,2014-12-01,31080.0,3108.0,20720.0
464,2,462,417,7,Paseo,1954.0,20.0,High,Government,France,35172.0,15632.0,2014-03-01,39080.0,3908.0,19540.0
465,2,463,418,10,Paseo,591.0,300.0,High,Small Business,Mexico,159570.0,11820.0,2014-05-01,177300.0,17730.0,147750.0
466,2,464,419,3,Paseo,2167.0,15.0,High,Midmarket,France,29254.5,7584.5,2013-10-01,32505.0,3250.5,21670.0
467,2,465,420,2,Paseo,241.0,20.0,High,Government,Germany,4338.0,1928.0,2014-10-01,4820.0,482.0,2410.0
468,3,466,421,4,Velo,681.0,15.0,High,Midmarket,Germany,9193.5,2383.5,2014-01-01,10215.0,1021.5,6810.0
469,3,467,422,4,Velo,510.0,15.0,High,Midmarket,Germany,6885.0,1785.0,2014-04-01,7650.0,765.0,5100.0
470,3,468,423,11,Velo,790.0,15.0,High,Midmarket,United States of America,10665.0,2765.0,2014-05-01,11850.0,1185.0,7900.0
471,3,469,424,7,Velo,639.0,350.0,High,Government,France,201285.0,35145.0,2014-07-01,223650.0,22365.0,166140.0
472,3,470,425,17,Velo,1596.0,125.0,High,Enterprise,United States of America,179550.0,-11970.0,2014-09-01,199500.0,19950.0,191520.0
473,3,471,426,22,Velo,2294.0,300.0,High,Small Business,United States of America,619380.0,45880.0,2013-10-01,688200.0,68820.0,573500.0
474,3,472,427,2,Velo,241.0,20.0,High,Government,Germany,4338.0,1928.0,2014-10-01,4820.0,482.0,2410.0
475,3,473,428,2,Velo,2665.0,7.0,High,Government,Germany,16789.5,3464.5,2014-11-01,18655.0,1865.5,13325.0
476,3,474,429,9,Velo,1916.0,125.0,High,Enterprise,Canada,215550.0,-14370.0,2013-12-01,239500.0,23950.0,229920.0
477,3,475,430,19,Velo,853.0,300.0,High,Small Business,France,230310.0,17060.0,2014-12-01,255900.0,25590.0,213250.0
478,4,476,431,23,VTT,341.0,125.0,High,Enterprise,Mexico,38362.5,-2557.5,2014-05-01,42625.0,4262.5,40920.0
479,4,477,432,5,VTT,641.0,15.0,High,Midmarket,Mexico,8653.5,2243.5,2014-07-01,9615.0,961.5,6410.0
480,4,478,433,13,VTT,2807.0,350.0,High,Government,United States of America,884205.0,154385.0,2014-08-01,982450.0,98245.0,729820.0
481,4,479,434,10,VTT,432.0,300.0,High,Small Business,Mexico,116640.0,8640.0,2014-09-01,129600.0,12960.0,108000.0
482,4,480,435,22,VTT,2294.0,300.0,High,Small Business,United States of America,619380.0,45880.0,2013-10-01,688200.0,68820.0,573500.0
483,4,481,436,3,VTT,2167.0,15.0,High,Midmarket,France,29254.5,7584.5,2013-10-01,32505.0,3250.5,21670.0
484,4,482,437,9,VTT,2529.0,125.0,High,Enterprise,Canada,284512.5,-18967.5,2014-11-01,316125.0,31612.5,303480.0
485,4,483,438,2,VTT,1870.0,350.0,High,Government,Germany,589050.0,102850.0,2013-12-01,654500.0,65450.0,486200.0
486,5,484,439,17,Amarilla,579.0,125.0,High,Enterprise,United States of America,65137.5,-4342.5,2014-01-01,72375.0,7237.5,69480.0
487,5,485,440,1,Amarilla,2240.0,350.0,High,Government,Canada,705600.0,123200.0,2014-02-01,784000.0,78400.0,582400.0
488,5,486,441,22,Amarilla,2993.0,300.0,High,Small Business,United States of America,808110.0,59860.0,2014-03-01,897900.0,89790.0,748250.0
489,5,487,442,6,Amarilla,3520.5,12.0,High,Channel Partners,Canada,38021.399999999994,27459.899999999998,2014-04-01,42246.0,4224.6,10561.5
490,5,488,443,12,Amarilla,2039.0,20.0,High,Government,Mexico,36702.0,16312.0,2014-05-01,40780.0,4078.0,20390.0
491,5,489,444,8,Amarilla,2574.0,12.0,High,Channel Partners,Germany,27799.2,20077.2,2014-08-01,30888.0,3088.8,7722.0
492,5,490,445,1,Amarilla,707.0,350.0,High,Government,Canada,222705.0,38885.0,2014-09-01,247450.0,24745.0,183820.0
493,5,491,446,3,Amarilla,2072.0,15.0,High,Midmarket,France,27972.0,7252.0,2014-12-01,31080.0,3108.0,20720.0
494,5,492,447,19,Amarilla,853.0,300.0,High,Small Business,France,230310.0,17060.0,2014-12-01,255900.0,25590.0,213250.0
495,0,493,448,21,Carretera,1198.0,12.0,High,Channel Partners,France,12794.64,9200.64,2013-10-01,14376.0,1581.36,3594.0
496,2,494,449,7,Paseo,2532.0,7.0,High,Government,France,15774.36,3114.3599999999997,2014-04-01,17724.0,1949.6399999999999,12660.0
497,2,495,450,21,Paseo,1198.0,12.0,High,Channel Partners,France,12794.64,9200.64,2013-10-01,14376.0,1581.36,3594.0
498,3,496,451,15,Velo,384.0,15.0,High,Midmarket,Canada,5126.4,1286.3999999999999,2014-01-01,5760.0,633.5999999999999,3840.0
499,3,497,452,8,Velo,472.0,12.0,High,Channel Partners,Germany,5040.96,3624.96,2014-10-01,5664.0,623.04,1416.0
500,4,498,453,13,VTT,1579.0,7.0,High,Government,United States of America,9837.17,1942.17,2014-03-01,11053.0,1215.83,7895.0
501,4,499,454,25,VTT,1005.0,12.0,High,Channel Partners,Mexico,10733.4,7718.4,2013-09-01,12060.0,1326.6,3015.0
502,5,500,455,11,Amarilla,3199.5,15.0,High,Midmarket,United States of America,42713.325,10718.324999999999,2014-07-01,47992.5,5279.174999999999,31995.0
503,5,501,456,8,Amarilla,472.0,12.0,High,Channel Partners,Germany,5040.96,3624.96,2014-10-01,5664.0,623.04,1416.0
504,0,502,457,6,Carretera,1937.0,12.0,High,Channel Partners,Canada,20687.16,14876.16,2014-02-01,23244.0,2556.84,5811.0
505,0,503,458,2,Carretera,792.0,350.0,High,Government,Germany,246708.0,40788.0,2014-03-01,277200.0,30492.0,205920.0
506,0,504,459,24,Carretera,2811.0,300.0,High,Small Business,Germany,750537.0,47787.0,2014-07-01,843300.0,92763.0,702750.0
507,0,505,460,16,Carretera,2441.0,125.0,High,Enterprise,France,271561.25,-21358.75,2014-10-01,305125.0,33563.75,292920.0
508,0,506,461,15,Carretera,1560.0,15.0,High,Midmarket,Canada,20826.0,5226.0,2013-11-01,23400.0,2574.0,15600.0
509,0,507,462,12,Carretera,2706.0,7.0,High,Government,Mexico,16858.38,3328.380000000001,2013-11-01,18942.0,2083.62,13530.0
510,1,508,463,2,Montana,766.0,350.0,High,Government,Germany,238609.0,39449.0,2014-01-01,268100.0,29491.0,199160.0
511,1,509,464,2,Montana,2992.0,20.0,High,Government,Germany,53257.6,23337.6,2013-10-01,59840.0,6582.4,29920.0
512,1,510,465,5,Montana,2157.0,15.0,High,Midmarket,Mexico,28795.95,7225.950000000001,2014-12-01,32355.0,3559.05,21570.0
513,2,511,466,18,Paseo,873.0,300.0,High,Small Business,Canada,233091.0,14841.0,2014-01-01,261900.0,28809.0,218250.0
514,2,512,467,12,Paseo,1122.0,20.0,High,Government,Mexico,19971.6,8751.599999999999,2014-03-01,22440.0,2468.4,11220.0
515,2,513,468,1,Paseo,2104.5,350.0,High,Government,Canada,655551.75,108381.75,2014-07-01,736575.0,81023.25,547170.0
516,2,514,469,6,Paseo,4026.0,12.0,High,Channel Partners,Canada,42997.68,30919.68,2014-07-01,48312.0,5314.32,12078.0
517,2,515,470,21,Paseo,2425.5,12.0,High,Channel Partners,France,25904.340000000004,18627.840000000004,2014-07-01,29106.0,3201.66,7276.5
518,2,516,471,1,Paseo,2394.0,20.0,High,Government,Canada,42613.2,18673.199999999997,2014-08-01,47880.0,5266.8,23940.0
519,2,517,472,5,Paseo,1984.0,15.0,High,Midmarket,Mexico,26486.4,6646.4000000000015,2014-08-01,29760.0,3273.6,19840.0
520,2,518,473,16,Paseo,2441.0,125.0,High,Enterprise,France,271561.25,-21358.75,2014-10-01,305125.0,33563.75,292920.0
521,2,519,474,2,Paseo,2992.0,20.0,High,Government,Germany,53257.6,23337.6,2013-10-01,59840.0,6582.4,29920.0
522,2,520,475,18,Paseo,1366.0,300.0,High,Small Business,Canada,364722.0,23222.0,2014-11-01,409800.0,45078.0,341500.0
523,3,521,476,7,Velo,2805.0,20.0,High,Government,France,49929.0,21879.0,2013-09-01,56100.0,6171.0,28050.0
524,3,522,477,5,Velo,655.0,15.0,High,Midmarket,Mexico,8744.25,2194.25,2013-09-01,9825.0,1080.75,6550.0
525,3,523,478,12,Velo,344.0,350.0,High,Government,Mexico,107156.0,17716.0,2013-10-01,120400.0,13244.0,89440.0
526,3,524,479,1,Velo,1808.0,7.0,High,Government,Canada,11263.84,2223.84,2014-11-01,12656.0,1392.16,9040.0
527,4,525,480,21,VTT,1734.0,12.0,High,Channel Partners,France,18519.12,13317.119999999999,2014-01-01,20808.0,2288.88,5202.0
528,4,526,481,23,VTT,554.0,125.0,High,Enterprise,Mexico,61632.5,-4847.5,2014-01-01,69250.0,7617.5,66480.0
529,4,527,482,1,VTT,2935.0,20.0,High,Government,Canada,52243.0,22893.0,2013-11-01,58700.0,6457.0,29350.0
530,5,528,483,20,Amarilla,3165.0,125.0,High,Enterprise,Germany,352106.25,-27693.75,2014-01-01,395625.0,43518.75,379800.0
531,5,529,484,12,Amarilla,2629.0,20.0,High,Government,Mexico,46796.2,20506.199999999997,2014-01-01,52580.0,5783.8,26290.0
532,5,530,485,16,Amarilla,1433.0,125.0,High,Enterprise,France,159421.25,-12538.75,2014-05-01,179125.0,19703.75,171960.0
533,5,531,486,23,Amarilla,947.0,125.0,High,Enterprise,Mexico,105353.75,-8286.25,2013-09-01,118375.0,13021.25,113640.0
534,5,532,487,12,Amarilla,344.0,350.0,High,Government,Mexico,107156.0,17716.0,2013-10-01,120400.0,13244.0,89440.0
535,5,533,488,5,Amarilla,2157.0,15.0,High,Midmarket,Mexico,28795.95,7225.950000000001,2014-12-01,32355.0,3559.05,21570.0
536,2,534,489,13,Paseo,380.0,7.0,High,Government,United States of America,2367.4,467.4000000000001,2013-09-01,2660.0,292.6,1900.0
537,0,535,490,12,Carretera,886.0,350.0,High,Government,Mexico,272888.0,42528.0,2014-06-01,310100.0,37212.0,230360.0
538,0,536,491,9,Carretera,2416.0,125.0,High,Enterprise,Canada,265760.0,-24160.0,2013-09-01,302000.0,36240.0,289920.0
539,0,537,492,23,Carretera,2156.0,125.0,High,Enterprise,Mexico,237160.0,-21560.0,2014-10-01,269500.0,32340.0,258720.0
540,0,538,493,15,Carretera,2689.0,15.0,High,Midmarket,Canada,35494.8,8604.800000000003,2014-11-01,40335.0,4840.2,26890.0
541,1,539,494,11,Montana,677.0,15.0,High,Midmarket,United States of America,8936.4,2166.3999999999996,2014-03-01,10155.0,1218.6,6770.0
542,1,540,495,19,Montana,1773.0,300.0,High,Small Business,France,468072.0,24822.0,2014-04-01,531900.0,63828.0,443250.0
543,1,541,496,12,Montana,2420.0,7.0,High,Government,Mexico,14907.2,2807.2000000000007,2014-09-01,16940.0,2032.8,12100.0
544,1,542,497,1,Montana,2734.0,7.0,High,Government,Canada,16841.44,3171.4399999999987,2014-10-01,19138.0,2296.56,13670.0
545,1,543,498,12,Montana,1715.0,20.0,High,Government,Mexico,30184.0,13034.0,2013-10-01,34300.0,4116.0,17150.0
546,1,544,499,19,Montana,1186.0,300.0,High,Small Business,France,313104.0,16604.0,2013-12-01,355800.0,42696.0,296500.0
547,2,545,500,22,Paseo,3495.0,300.0,High,Small Business,United States of America,922680.0,48930.0,2014-01-01,1048500.0,125820.0,873750.0
548,2,546,501,12,Paseo,886.0,350.0,High,Government,Mexico,272888.0,42528.0,2014-06-01,310100.0,37212.0,230360.0
549,2,547,502,23,Paseo,2156.0,125.0,High,Enterprise,Mexico,237160.0,-21560.0,2014-10-01,269500.0,32340.0,258720.0
550,2,548,503,12,Paseo,905.0,20.0,High,Government,Mexico,15928.0,6878.0,2014-10-01,18100.0,2172.0,9050.0
551,2,549,504,12,Paseo,1715.0,20.0,High,Government,Mexico,30184.0,13034.0,2013-10-01,34300.0,4116.0,17150.0
552,2,550,505,7,Paseo,1594.0,350.0,High,Government,France,490952.0,76512.0,2014-11-01,557900.0,66948.0,414440.0
553,2,551,506,24,Paseo,1359.0,300.0,High,Small Business,Germany,358776.0,19026.0,2014-11-01,407700.0,48924.0,339750.0
554,2,552,507,10,Paseo,2150.0,300.0,High,Small Business,Mexico,567600.0,30100.0,2014-11-01,645000.0,77400.0,537500.0
555,2,553,508,12,Paseo,1197.0,350.0,High,Government,Mexico,368676.0,57456.0,2014-11-01,418950.0,50274.0,311220.0
556,2,554,509,5,Paseo,380.0,15.0,High,Midmarket,Mexico,5016.0,1216.0,2013-12-01,5700.0,684.0,3800.0
557,2,555,510,12,Paseo,1233.0,20.0,High,Government,Mexico,21700.8,9370.8,2014-12-01,24660.0,2959.2,12330.0
558,3,556,511,12,Velo,1395.0,350.0,High,Government,Mexico,429660.0,66960.0,2014-07-01,488250.0,58590.0,362700.0
559,3,557,512,13,Velo,986.0,350.0,High,Government,United States of America,303688.0,47328.0,2014-10-01,345100.0,41412.0,256360.0
560,3,558,513,12,Velo,905.0,20.0,High,Government,Mexico,15928.0,6878.0,2014-10-01,18100.0,2172.0,9050.0
561,4,559,514,6,VTT,2109.0,12.0,High,Channel Partners,Canada,22271.04,15944.04,2014-05-01,25308.0,3036.96,6327.0
562,4,560,515,3,VTT,3874.5,15.0,High,Midmarket,France,51143.399999999994,12398.399999999998,2014-07-01,58117.5,6974.099999999999,38745.0
563,4,561,516,1,VTT,623.0,350.0,High,Government,Canada,191884.0,29904.0,2013-09-01,218050.0,26166.0,161980.0
564,4,562,517,13,VTT,986.0,350.0,High,Government,United States of America,303688.0,47328.0,2014-10-01,345100.0,41412.0,256360.0
565,4,563,518,17,VTT,2387.0,125.0,High,Enterprise,United States of America,262570.0,-23870.0,2014-11-01,298375.0,35805.0,286440.0
566,4,564,519,12,VTT,1233.0,20.0,High,Government,Mexico,21700.8,9370.8,2014-12-01,24660.0,2959.2,12330.0
567,5,565,520,13,Amarilla,270.0,350.0,High,Government,United States of America,83160.0,12960.0,2014-02-01,94500.0,11340.0,70200.0
568,5,566,521,7,Amarilla,3421.5,7.0,High,Government,France,21076.44,3968.9399999999987,2014-07-01,23950.5,2874.06,17107.5
569,5,567,522,1,Amarilla,2734.0,7.0,High,Government,Canada,16841.44,3171.4399999999987,2014-10-01,19138.0,2296.56,13670.0
570,5,568,523,11,Amarilla,2548.0,15.0,High,Midmarket,United States of America,33633.6,8153.5999999999985,2013-11-01,38220.0,4586.4,25480.0
571,0,569,524,7,Carretera,2521.5,20.0,High,Government,France,44378.399999999994,19163.399999999998,2014-01-01,50430.0,6051.6,25215.0
572,1,570,525,25,Montana,2661.0,12.0,High,Channel Partners,Mexico,28100.16,20117.16,2014-05-01,31932.0,3831.84,7983.0
573,2,571,526,2,Paseo,1531.0,20.0,High,Government,Germany,26945.6,11635.599999999999,2014-12-01,30620.0,3674.4,15310.0
574,4,572,527,7,VTT,1491.0,7.0,High,Government,France,9184.56,1729.5599999999995,2014-03-01,10437.0,1252.44,7455.0
575,4,573,528,2,VTT,1531.0,20.0,High,Government,Germany,26945.6,11635.599999999999,2014-12-01,30620.0,3674.4,15310.0
576,5,574,529,6,Amarilla,2761.0,12.0,High,Channel Partners,Canada,29156.16,20873.16,2013-09-01,33132.0,3975.84,8283.0
577,0,575,530,11,Carretera,2567.0,15.0,High,Midmarket,United States of America,33499.35,7829.3499999999985,2014-06-01,38505.0,5005.65,25670.0
578,4,576,531,11,VTT,2567.0,15.0,High,Midmarket,United States of America,33499.35,7829.3499999999985,2014-06-01,38505.0,5005.65,25670.0
579,0,577,532,1,Carretera,923.0,350.0,High,Government,Canada,281053.5,41073.5,2014-03-01,323050.0,41996.5,239980.0
580,0,578,533,7,Carretera,1790.0,350.0,High,Government,France,545055.0,79655.0,2014-03-01,626500.0,81445.0,465400.0
581,0,579,534,2,Carretera,442.0,20.0,High,Government,Germany,7690.8,3270.8,2013-09-01,8840.0,1149.2,4420.0
582,1,580,535,13,Montana,982.5,350.0,High,Government,United States of America,299171.25,43721.25,2014-01-01,343875.0,44703.75,255450.0
583,1,581,536,13,Montana,1298.0,7.0,High,Government,United States of America,7904.82,1414.8199999999997,2014-02-01,9086.0,1181.18,6490.0
584,1,582,537,25,Montana,604.0,12.0,High,Channel Partners,Mexico,6305.76,4493.76,2014-06-01,7248.0,942.24,1812.0
585,1,583,538,12,Montana,2255.0,20.0,High,Government,Mexico,39237.0,16687.0,2014-07-01,45100.0,5863.0,22550.0
586,1,584,539,1,Montana,1249.0,20.0,High,Government,Canada,21732.6,9242.599999999999,2014-10-01,24980.0,3247.4,12490.0
587,2,585,540,13,Paseo,1438.5,7.0,High,Government,United States of America,8760.465,1567.9649999999992,2014-01-01,10069.5,1309.035,7192.5
588,2,586,541,24,Paseo,807.0,300.0,High,Small Business,Germany,210627.0,8877.0,2014-01-01,242100.0,31473.0,201750.0
589,2,587,542,13,Paseo,2641.0,20.0,High,Government,United States of America,45953.4,19543.4,2014-02-01,52820.0,6866.6,26410.0
590,2,588,543,2,Paseo,2708.0,20.0,High,Government,Germany,47119.2,20039.199999999997,2014-02-01,54160.0,7040.8,27080.0
591,2,589,544,1,Paseo,2632.0,350.0,High,Government,Canada,801444.0,117124.0,2014-06-01,921200.0,119756.0,684320.0
592,2,590,545,9,Paseo,1583.0,125.0,High,Enterprise,Canada,172151.25,-17808.75,2014-06-01,197875.0,25723.75,189960.0
593,2,591,546,25,Paseo,571.0,12.0,High,Channel Partners,Mexico,5961.24,4248.24,2014-07-01,6852.0,890.76,1713.0
594,2,592,547,7,Paseo,2696.0,7.0,High,Government,France,16418.64,2938.6399999999994,2014-08-01,18872.0,2453.36,13480.0
595,2,593,548,15,Paseo,1565.0,15.0,High,Midmarket,Canada,20423.25,4773.25,2014-10-01,23475.0,3051.75,15650.0
596,2,594,549,1,Paseo,1249.0,20.0,High,Government,Canada,21732.6,9242.599999999999,2014-10-01,24980.0,3247.4,12490.0
597,2,595,550,2,Paseo,357.0,350.0,High,Government,Germany,108706.5,15886.5,2014-11-01,124950.0,16243.5,92820.0
598,2,596,551,8,Paseo,1013.0,12.0,High,Channel Partners,Germany,10575.72,7536.719999999999,2014-12-01,12156.0,1580.28,3039.0
599,3,597,552,3,Velo,3997.5,15.0,High,Midmarket,France,52167.375,12192.375,2014-01-01,59962.5,7795.125,39975.0
600,3,598,553,1,Velo,2632.0,350.0,High,Government,Canada,801444.0,117124.0,2014-06-01,921200.0,119756.0,684320.0
601,3,599,554,7,Velo,1190.0,7.0,High,Government,France,7247.1,1297.1000000000004,2014-06-01,8330.0,1082.9,5950.0
602,3,600,555,25,Velo,604.0,12.0,High,Channel Partners,Mexico,6305.76,4493.76,2014-06-01,7248.0,942.24,1812.0
603,3,601,556,4,Velo,660.0,15.0,High,Midmarket,Germany,8613.0,2013.0,2013-09-01,9900.0,1287.0,6600.0
604,3,602,557,25,Velo,410.0,12.0,High,Channel Partners,Mexico,4280.4,3050.3999999999996,2014-10-01,4920.0,639.6,1230.0
605,3,603,558,10,Velo,2605.0,300.0,High,Small Business,Mexico,679905.0,28655.0,2013-11-01,781500.0,101595.0,651250.0
606,3,604,559,8,Velo,1013.0,12.0,High,Channel Partners,Germany,10575.72,7536.719999999999,2014-12-01,12156.0,1580.28,3039.0
607,4,605,560,9,VTT,1583.0,125.0,High,Enterprise,Canada,172151.25,-17808.75,2014-06-01,197875.0,25723.75,189960.0
608,4,606,561,15,VTT,1565.0,15.0,High,Midmarket,Canada,20423.25,4773.25,2014-10-01,23475.0,3051.75,15650.0
609,5,607,562,9,Amarilla,1659.0,125.0,High,Enterprise,Canada,180416.25,-18663.75,2014-01-01,207375.0,26958.75,199080.0
610,5,608,563,7,Amarilla,1190.0,7.0,High,Government,France,7247.1,1297.1000000000004,2014-06-01,8330.0,1082.9,5950.0
611,5,609,564,25,Amarilla,410.0,12.0,High,Channel Partners,Mexico,4280.4,3050.3999999999996,2014-10-01,4920.0,639.6,1230.0
612,5,610,565,8,Amarilla,1770.0,12.0,High,Channel Partners,Germany,18478.8,13168.8,2013-12-01,21240.0,2761.2,5310.0
613,0,611,566,12,Carretera,2579.0,20.0,High,Government,Mexico,44358.8,18568.800000000003,2014-04-01,51580.0,7221.2,25790.0
614,0,612,567,13,Carretera,1743.0,20.0,High,Government,United States of America,29979.6,12549.599999999999,2014-05-01,34860.0,4880.4,17430.0
615,0,613,568,13,Carretera,2996.0,7.0,High,Government,United States of America,18035.92,3055.9199999999983,2013-10-01,20972.0,2936.08,14980.0
616,0,614,569,2,Carretera,280.0,7.0,High,Government,Germany,1685.6,285.5999999999999,2014-12-01,1960.0,274.4,1400.0
617,1,615,570,7,Montana,293.0,7.0,High,Government,France,1763.8600000000001,298.8600000000001,2014-02-01,2051.0,287.14,1465.0
618,1,616,571,13,Montana,2996.0,7.0,High,Government,United States of America,18035.92,3055.9199999999983,2013-10-01,20972.0,2936.08,14980.0
619,2,617,572,4,Paseo,278.0,15.0,High,Midmarket,Germany,3586.2,806.1999999999998,2014-02-01,4170.0,583.8,2780.0
620,2,618,573,1,Paseo,2428.0,20.0,High,Government,Canada,41761.6,17481.6,2014-03-01,48560.0,6798.4,24280.0
621,2,619,574,11,Paseo,1767.0,15.0,High,Midmarket,United States of America,22794.3,5124.299999999999,2014-09-01,26505.0,3710.7,17670.0
622,2,620,575,21,Paseo,1393.0,12.0,High,Channel Partners,France,14375.76,10196.76,2014-10-01,16716.0,2340.24,4179.0
623,4,621,576,2,VTT,280.0,7.0,High,Government,Germany,1685.6,285.5999999999999,2014-12-01,1960.0,274.4,1400.0
624,5,622,577,21,Amarilla,1393.0,12.0,High,Channel Partners,France,14375.76,10196.76,2014-10-01,16716.0,2340.24,4179.0
625,5,623,578,14,Amarilla,2015.0,12.0,High,Channel Partners,United States of America,20794.8,14749.8,2013-12-01,24180.0,3385.2,6045.0
626,0,624,579,10,Carretera,801.0,300.0,High,Small Business,Mexico,206658.0,6408.0,2014-07-01,240300.0,33642.0,200250.0
627,0,625,580,16,Carretera,1023.0,125.0,High,Enterprise,France,109972.5,-12787.5,2013-09-01,127875.0,17902.5,122760.0
628,0,626,581,18,Carretera,1496.0,300.0,High,Small Business,Canada,385968.0,11968.0,2014-10-01,448800.0,62832.0,374000.0
629,0,627,582,22,Carretera,1010.0,300.0,High,Small Business,United States of America,260580.0,8080.0,2014-10-01,303000.0,42420.0,252500.0
630,0,628,583,4,Carretera,1513.0,15.0,High,Midmarket,Germany,19517.7,4387.700000000001,2014-11-01,22695.0,3177.3,15130.0
631,0,629,584,15,Carretera,2300.0,15.0,High,Midmarket,Canada,29670.0,6670.0,2014-12-01,34500.0,4830.0,23000.0
632,0,630,585,23,Carretera,2821.0,125.0,High,Enterprise,Mexico,303257.5,-35262.5,2013-12-01,352625.0,49367.5,338520.0
633,1,631,586,1,Montana,2227.5,350.0,High,Government,Canada,670477.5,91327.5,2014-01-01,779625.0,109147.5,579150.0
634,1,632,587,2,Montana,1199.0,350.0,High,Government,Germany,360899.0,49159.0,2014-04-01,419650.0,58751.0,311740.0
635,1,633,588,1,Montana,200.0,350.0,High,Government,Canada,60200.0,8200.0,2014-05-01,70000.0,9800.0,52000.0
636,1,634,589,1,Montana,388.0,7.0,High,Government,Canada,2335.76,395.7600000000002,2014-09-01,2716.0,380.24,1940.0
637,1,635,590,12,Montana,1727.0,7.0,High,Government,Mexico,10396.54,1761.5400000000009,2013-10-01,12089.0,1692.46,8635.0
638,1,636,591,15,Montana,2300.0,15.0,High,Midmarket,Canada,29670.0,6670.0,2014-12-01,34500.0,4830.0,23000.0
639,2,637,592,12,Paseo,260.0,20.0,High,Government,Mexico,4472.0,1872.0,2014-02-01,5200.0,728.0,2600.0
640,2,638,593,15,Paseo,2470.0,15.0,High,Midmarket,Canada,31863.0,7163.0,2013-09-01,37050.0,5187.0,24700.0
641,2,639,594,15,Paseo,1743.0,15.0,High,Midmarket,Canada,22484.7,5054.700000000001,2013-10-01,26145.0,3660.3,17430.0
642,2,640,595,14,Paseo,2914.0,12.0,High,Channel Partners,United States of America,30072.48,21330.48,2014-10-01,34968.0,4895.52,8742.0
643,2,641,596,7,Paseo,1731.0,7.0,High,Government,France,10420.619999999999,1765.619999999999,2014-10-01,12117.0,1696.38,8655.0
644,2,642,597,1,Paseo,700.0,350.0,High,Government,Canada,210700.0,28700.0,2014-11-01,245000.0,34300.0,182000.0
645,2,643,598,6,Paseo,2222.0,12.0,High,Channel Partners,Canada,22931.04,16265.04,2013-11-01,26664.0,3732.96,6666.0
646,2,644,599,13,Paseo,1177.0,350.0,High,Government,United States of America,354277.0,48257.0,2014-11-01,411950.0,57673.0,306020.0
647,2,645,600,7,Paseo,1922.0,350.0,High,Government,France,578522.0,78802.0,2013-11-01,672700.0,94178.0,499720.0
648,3,646,601,23,Velo,1575.0,125.0,High,Enterprise,Mexico,169312.5,-19687.5,2014-02-01,196875.0,27562.5,189000.0
649,3,647,602,13,Velo,606.0,20.0,High,Government,United States of America,10423.2,4363.200000000001,2014-04-01,12120.0,1696.8000000000002,6060.0
650,3,648,603,22,Velo,2460.0,300.0,High,Small Business,United States of America,634680.0,19680.0,2014-07-01,738000.0,103320.0,615000.0
651,3,649,604,18,Velo,269.0,300.0,High,Small Business,Canada,69402.0,2152.0,2013-10-01,80700.0,11298.0,67250.0
652,3,650,605,24,Velo,2536.0,300.0,High,Small Business,Germany,654288.0,20288.0,2013-11-01,760800.0,106512.0,634000.0
653,4,651,606,12,VTT,2903.0,7.0,High,Government,Mexico,17476.06,2961.0600000000013,2014-03-01,20321.0,2844.94,14515.0
654,4,652,607,22,VTT,2541.0,300.0,High,Small Business,United States of America,655578.0,20328.0,2014-08-01,762300.0,106722.0,635250.0
655,4,653,608,18,VTT,269.0,300.0,High,Small Business,Canada,69402.0,2152.0,2013-10-01,80700.0,11298.0,67250.0
656,4,654,609,18,VTT,1496.0,300.0,High,Small Business,Canada,385968.0,11968.0,2014-10-01,448800.0,62832.0,374000.0
657,4,655,610,22,VTT,1010.0,300.0,High,Small Business,United States of America,260580.0,8080.0,2014-10-01,303000.0,42420.0,252500.0
658,4,656,611,7,VTT,1281.0,350.0,High,Government,France,385581.0,52521.0,2013-12-01,448350.0,62769.0,333060.0
659,5,657,612,18,Amarilla,888.0,300.0,High,Small Business,Canada,229104.0,7104.0,2014-03-01,266400.0,37296.0,222000.0
660,5,658,613,17,Amarilla,2844.0,125.0,High,Enterprise,United States of America,305730.0,-35550.0,2014-05-01,355500.0,49770.0,341280.0
661,5,659,614,21,Amarilla,2475.0,12.0,High,Channel Partners,France,25542.0,18117.0,2014-08-01,29700.0,4158.0,7425.0
662,5,660,615,15,Amarilla,1743.0,15.0,High,Midmarket,Canada,22484.7,5054.700000000001,2013-10-01,26145.0,3660.3,17430.0
663,5,661,616,14,Amarilla,2914.0,12.0,High,Channel Partners,United States of America,30072.48,21330.48,2014-10-01,34968.0,4895.52,8742.0
664,5,662,617,7,Amarilla,1731.0,7.0,High,Government,France,10420.619999999999,1765.619999999999,2014-10-01,12117.0,1696.38,8655.0
665,5,663,618,12,Amarilla,1727.0,7.0,High,Government,Mexico,10396.54,1761.5400000000009,2013-10-01,12089.0,1692.46,8635.0
666,5,664,619,5,Amarilla,1870.0,15.0,High,Midmarket,Mexico,24123.0,5423.0,2013-11-01,28050.0,3927.0,18700.0
667,0,665,620,16,Carretera,1174.0,125.0,High,Enterprise,France,124737.5,-16142.5,2014-08-01,146750.0,22012.5,140880.0
668,0,666,621,20,Carretera,2767.0,125.0,High,Enterprise,Germany,293993.75,-38046.25,2014-08-01,345875.0,51881.25,332040.0
669,0,667,622,20,Carretera,1085.0,125.0,High,Enterprise,Germany,115281.25,-14918.75,2014-10-01,135625.0,20343.75,130200.0
670,1,668,623,10,Montana,546.0,300.0,High,Small Business,Mexico,139230.0,2730.0,2014-10-01,163800.0,24570.0,136500.0
671,2,669,624,2,Paseo,1158.0,20.0,High,Government,Germany,19686.0,8106.0,2014-03-01,23160.0,3474.0,11580.0
672,2,670,625,15,Paseo,1614.0,15.0,High,Midmarket,Canada,20578.5,4438.5,2014-04-01,24210.0,3631.5,16140.0
673,2,671,626,12,Paseo,2535.0,7.0,High,Government,Mexico,15083.25,2408.25,2014-04-01,17745.0,2661.75,12675.0
674,2,672,627,12,Paseo,2851.0,350.0,High,Government,Mexico,848172.5,106912.5,2014-05-01,997850.0,149677.5,741260.0
675,2,673,628,15,Paseo,2559.0,15.0,High,Midmarket,Canada,32627.25,7037.25,2014-08-01,38385.0,5757.75,25590.0
676,2,674,629,13,Paseo,267.0,20.0,High,Government,United States of America,4539.0,1869.0,2013-10-01,5340.0,801.0,2670.0
677,2,675,630,20,Paseo,1085.0,125.0,High,Enterprise,Germany,115281.25,-14918.75,2014-10-01,135625.0,20343.75,130200.0
678,2,676,631,4,Paseo,1175.0,15.0,High,Midmarket,Germany,14981.25,3231.25,2014-10-01,17625.0,2643.75,11750.0
679,2,677,632,13,Paseo,2007.0,350.0,High,Government,United States of America,597082.5,75262.5,2013-11-01,702450.0,105367.5,521820.0
680,2,678,633,12,Paseo,2151.0,350.0,High,Government,Mexico,639922.5,80662.5,2013-11-01,752850.0,112927.5,559260.0
681,2,679,634,14,Paseo,914.0,12.0,High,Channel Partners,United States of America,9322.8,6580.799999999999,2014-12-01,10968.0,1645.2,2742.0
682,2,680,635,7,Paseo,293.0,20.0,High,Government,France,4981.0,2051.0,2014-12-01,5860.0,879.0,2930.0
683,3,681,636,25,Velo,500.0,12.0,High,Channel Partners,Mexico,5100.0,3600.0,2014-03-01,6000.0,900.0,1500.0
684,3,682,637,3,Velo,2826.0,15.0,High,Midmarket,France,36031.5,7771.5,2014-05-01,42390.0,6358.5,28260.0
685,3,683,638,16,Velo,663.0,125.0,High,Enterprise,France,70443.75,-9116.25,2014-09-01,82875.0,12431.25,79560.0
686,3,684,639,22,Velo,2574.0,300.0,High,Small Business,United States of America,656370.0,12870.0,2013-11-01,772200.0,115830.0,643500.0
687,3,685,640,17,Velo,2438.0,125.0,High,Enterprise,United States of America,259037.5,-33522.5,2013-12-01,304750.0,45712.5,292560.0
688,3,686,641,14,Velo,914.0,12.0,High,Channel Partners,United States of America,9322.8,6580.799999999999,2014-12-01,10968.0,1645.2,2742.0
689,4,687,642,1,VTT,865.5,20.0,High,Government,Canada,14713.5,6058.5,2014-07-01,17310.0,2596.5,8655.0
690,4,688,643,4,VTT,492.0,15.0,High,Midmarket,Germany,6273.0,1353.0,2014-07-01,7380.0,1107.0,4920.0
691,4,689,644,13,VTT,267.0,20.0,High,Government,United States of America,4539.0,1869.0,2013-10-01,5340.0,801.0,2670.0
692,4,690,645,4,VTT,1175.0,15.0,High,Midmarket,Germany,14981.25,3231.25,2014-10-01,17625.0,2643.75,11750.0
693,4,691,646,9,VTT,2954.0,125.0,High,Enterprise,Canada,313862.5,-40617.5,2013-11-01,369250.0,55387.5,354480.0
694,4,692,647,20,VTT,552.0,125.0,High,Enterprise,Germany,58650.0,-7590.0,2014-11-01,69000.0,10350.0,66240.0
695,4,693,648,7,VTT,293.0,20.0,High,Government,France,4981.0,2051.0,2014-12-01,5860.0,879.0,2930.0
696,5,694,649,19,Amarilla,2475.0,300.0,High,Small Business,France,631125.0,12375.0,2014-03-01,742500.0,111375.0,618750.0
697,5,695,650,10,Amarilla,546.0,300.0,High,Small Business,Mexico,139230.0,2730.0,2014-10-01,163800.0,24570.0,136500.0
698,1,696,651,12,Montana,1368.0,7.0,High,Government,Mexico,8139.6,1299.6000000000004,2014-02-01,9576.0,1436.4,6840.0
699,2,697,652,1,Paseo,723.0,7.0,High,Government,Canada,4301.85,686.8500000000001,2014-04-01,5061.0,759.1500000000001,3615.0
700,4,698,653,14,VTT,1806.0,12.0,High,Channel Partners,United States of America,18421.2,13003.2,2014-05-01,21672.0,3250.8,5418.0
